ra_deg,dec_deg,mag,size_arcmin,source_catalog,name
139.652295,47.871993,13.87,1.5,VII/155/rc3,
140.507705,50.975329,10.09,1.909999966621399,VII/155/rc3,NGC  2841
141.158544,49.355606,12.9,1.350000023841858,VII/155/rc3,NGC  2857
162.269413,52.332848,15.0,0.9100000262260437,VII/155/rc3,A   1046+52
162.269413,52.332848,15.0,0.9100000262260437,VII/155/rc3,A   1046+52
170.825269,50.91674,14.19,1.440000057220459,VII/155/rc3,
170.825269,50.91674,14.19,1.440000057220459,VII/155/rc3,
173.369027,49.235629,14.5,1.090000033378601,VII/155/rc3,A   1130+49
174.43278,47.894517,12.55,1.4900000095367432,VII/155/rc3,NGC  3769
175.317782,47.693128,12.9,1.340000033378601,VII/155/rc3,NGC  3811
175.57528,51.600076,14.18,1.5299999713897705,VII/155/rc3,
176.484033,50.200909,13.5,1.0199999809265137,VII/155/rc3,NGC  3870
176.533619,47.49424,11.79,1.7400000095367432,VII/155/rc3,NGC  3877
177.163203,48.711185,11.16,1.649999976158142,VII/155/rc3,NGC  3893
177.417787,48.425074,13.49,1.2699999809265137,VII/155/rc3,NGC  3906
177.689452,51.825911,12.51,1.7100000381469727,VII/155/rc3,NGC  3917
177.946538,48.681463,13.22,1.1799999475479126,VII/155/rc3,NGC  3928
178.025286,52.100078,14.3,1.2699999809265137,VII/155/rc3,A   1149+52
178.423206,47.859796,11.54,1.4600000381469727,VII/155/rc3,NGC  3949
178.456537,52.327578,10.84,1.840000033378601,VII/155/rc3,NGC  3953
179.124873,50.42841,13.13,1.5499999523162842,VII/155/rc3,
179.175291,48.335074,13.12,1.1100000143051147,VII/155/rc3,NGC  3985
179.17529,50.83341,14.14,1.190000057220459,VII/155/rc3,
179.321958,49.285631,12.65,1.6399999856948853,VII/155/rc3,A   1154+49
179.600291,50.900077,14.92,1.350000023841858,VII/155/rc3,A   1155+51
179.856958,50.962022,11.67,1.7200000286102295,VII/155/rc3,NGC  4026
177.163203,48.711185,11.16,1.649999976158142,VII/155/rc3,NGC  3893
177.417787,48.425074,13.49,1.2699999809265137,VII/155/rc3,NGC  3906
177.689452,51.825911,12.51,1.7100000381469727,VII/155/rc3,NGC  3917
177.946538,48.681463,13.22,1.1799999475479126,VII/155/rc3,NGC  3928
178.025286,52.100078,14.3,1.2699999809265137,VII/155/rc3,A   1149+52
178.423206,47.859796,11.54,1.4600000381469727,VII/155/rc3,NGC  3949
178.456537,52.327578,10.84,1.840000033378601,VII/155/rc3,NGC  3953
179.124873,50.42841,13.13,1.5499999523162842,VII/155/rc3,
179.175291,48.335074,13.12,1.1100000143051147,VII/155/rc3,NGC  3985
179.17529,50.83341,14.14,1.190000057220459,VII/155/rc3,
179.321958,49.285631,12.65,1.6399999856948853,VII/155/rc3,A   1154+49
179.600291,50.900077,14.92,1.350000023841858,VII/155/rc3,A   1155+51
179.856958,50.962022,11.67,1.7200000286102295,VII/155/rc3,NGC  4026
181.345712,50.353966,12.95,1.4500000476837158,VII/155/rc3,NGC  4085
181.397795,50.542299,11.15,1.7599999904632568,VII/155/rc3,NGC  4088
181.535713,49.581743,11.89,1.7300000190734863,VII/155/rc3,NGC  4100
182.725299,50.283411,16.6,1.159999966621399,VII/155/rc3,A   1208+50
182.770716,50.486188,12.15,1.8300000429153442,VII/155/rc3,NGC  4157
183.200299,52.266746,14.75,1.1100000143051147,VII/155/rc3,
184.04947,47.884797,12.27,1.590000033378601,VII/155/rc3,NGC  4220
191.734905,51.61369,15.1,1.1100000143051147,VII/155/rc3,A   1244+51
192.100323,51.150079,13.4,1.350000023841858,VII/155/rc3,NGC  4707
192.600324,52.116746,15.12,1.3300000429153442,VII/155/rc3,A   1248+52
192.749908,47.67202,14.37,1.1299999952316284,VII/155/rc3,NGC  4741
193.025325,51.683413,14.5,0.8700000047683716,VII/155/rc3,
193.850328,52.25008,14.7,1.100000023841858,VII/155/rc3,
195.650332,50.433411,14.3,1.1799999475479126,VII/155/rc3,NGC  4932
195.700332,51.283412,15.15,0.8899999856948853,VII/155/rc3,NGC  4938
195.825333,50.616745,15.2,1.0399999618530273,VII/155/rc3,
196.850336,52.40008,15.3,1.0099999904632568,VII/155/rc3,
196.975336,51.933413,14.36,1.0800000429153442,VII/155/rc3,NGC  4987
197.697421,50.092578,15.3,1.059999942779541,VII/155/rc3,NGC  5009
198.275339,50.600078,14.5,1.4900000095367432,VII/155/rc3,
201.500348,51.316745,15.48,0.9200000166893005,VII/155/rc3,
203.334103,51.490911,14.5,0.8100000023841858,VII/155/rc3,NGC  5225
203.512851,47.91563,14.3,1.5199999809265137,VII/155/rc3,NGC  5229
203.678687,51.613967,13.9,1.2300000190734863,VII/155/rc3,NGC  5238
204.00577,49.960076,14.54,1.340000033378601,VII/155/rc3,IC    902
204.031604,51.235911,13.97,1.0,VII/155/rc3,NGC  5250
204.825356,51.050077,15.3,1.1100000143051147,VII/155/rc3,IC    907
210.710786,49.173684,11.93,1.600000023841858,VII/155/rc3,NGC  5448
210.710786,49.173684,11.93,1.600000023841858,VII/155/rc3,NGC  5448
217.454969,49.622848,12.4,1.440000057220459,VII/155/rc3,NGC  5660
217.879137,49.959793,12.9,1.3899999856948853,VII/155/rc3,NGC  5673
218.114971,49.903959,12.2,1.4500000476837158,VII/155/rc3,IC   1029
218.19622,49.45757,11.87,1.600000023841858,VII/155/rc3,NGC  5676
218.68872,48.671736,14.6,1.2200000286102295,VII/155/rc3,NGC  5682
218.71872,48.662014,15.67,1.100000023841858,VII/155/rc3,NGC  5683
218.874138,48.743125,12.8,1.5399999618530273,VII/155/rc3,NGC  5689
217.454969,49.622848,12.4,1.440000057220459,VII/155/rc3,NGC  5660
217.879137,49.959793,12.9,1.3899999856948853,VII/155/rc3,NGC  5673
218.114971,49.903959,12.2,1.4500000476837158,VII/155/rc3,IC   1029
218.19622,49.45757,11.87,1.600000023841858,VII/155/rc3,NGC  5676
218.68872,48.671736,14.6,1.2200000286102295,VII/155/rc3,NGC  5682
218.71872,48.662014,15.67,1.100000023841858,VII/155/rc3,NGC  5683
218.874138,48.743125,12.8,1.5399999618530273,VII/155/rc3,NGC  5689
223.368736,52.077013,13.5,1.4600000381469727,VII/155/rc3,NGC  5783
223.973317,49.726456,14.36,1.0,VII/155/rc3,NGC  5794
224.082067,49.399511,14.75,1.2000000476837158,VII/155/rc3,NGC  5795
224.099567,49.695622,13.8,1.0399999618530273,VII/155/rc3,NGC  5797
224.274984,49.668955,13.91,1.090000033378601,VII/155/rc3,NGC  5804
224.289566,48.633955,15.44,1.0199999809265137,VII/155/rc3,
224.275405,52.333402,14.53,1.159999966621399,VII/155/rc3,
224.743319,49.821177,14.67,1.0800000429153442,VII/155/rc3,NGC  5818
225.204151,48.361454,15.43,1.0700000524520874,VII/155/rc3,
225.386651,48.318954,14.82,1.2300000190734863,VII/155/rc3,
225.463317,47.87562,14.99,0.9900000095367432,VII/155/rc3,NGC  5830
225.606236,48.877843,15.3,1.059999942779541,VII/155/rc3,NGC  5835
226.275408,51.166733,15.61,1.1399999856948853,VII/155/rc3,
227.140828,52.295622,14.3,0.8100000023841858,VII/155/rc3,
231.425421,52.433397,14.85,1.3600000143051147,VII/155/rc3,
231.443747,48.491172,15.4,1.1100000143051147,VII/155/rc3,
235.798753,47.75339,15.22,1.0,VII/155/rc3,
231.443747,48.491172,15.4,1.1100000143051147,VII/155/rc3,
238.931259,47.869498,13.92,1.1100000143051147,VII/155/rc3,
239.03251,48.093109,15.3,0.5600000023841858,VII/155/rc3,
239.182093,48.095887,14.06,1.090000033378601,VII/155/rc3,IC   1152
239.26501,48.168109,13.57,1.0800000429153442,VII/155/rc3,IC   1153
239.289177,48.186165,15.19,0.699999988079071,VII/155/rc3,
239.666679,48.682831,14.21,1.0700000524520874,VII/155/rc3,
239.750435,51.300055,15.07,1.059999942779541,VII/155/rc3,
240.178763,48.557553,14.85,0.9399999976158142,VII/155/rc3,
240.568348,49.202831,15.39,1.0,VII/155/rc3,
240.882099,49.339497,14.07,1.159999966621399,VII/155/rc3,
243.079186,49.398384,14.79,1.0,VII/155/rc3,
248.23878,50.401991,14.4,1.0399999618530273,VII/155/rc3,
248.23878,50.401991,14.4,1.0399999618530273,VII/155/rc3,
252.050447,48.716708,14.9,1.0,VII/155/rc3,
262.300468,52.200031,15.27,1.0,VII/155/rc3,
264.886712,49.601694,14.6,1.2000000476837158,VII/155/rc3,
265.050467,51.03336,15.29,0.9399999976158142,VII/155/rc3,
266.140043,48.114747,14.69,1.090000033378601,VII/155/rc3,NGC  6443
266.650469,51.300025,14.86,1.1100000143051147,VII/155/rc3,
267.158385,51.15808,13.99,1.2799999713897705,VII/155/rc3,NGC  6478
269.354219,50.728355,13.97,1.2000000476837158,VII/155/rc3,NGC  6515
272.745883,49.528906,15.25,1.0399999618530273,VII/155/rc3,
278.465051,49.279177,13.54,1.2599999904632568,VII/155/rc3,IC   1291
279.075475,51.466676,13.6,1.1100000143051147,VII/155/rc3,
278.465051,49.279177,13.54,1.2599999904632568,VII/155/rc3,IC   1291
279.075475,51.466676,13.6,1.1100000143051147,VII/155/rc3,
282.25463,47.657783,13.7,1.1299999952316284,VII/155/rc3,NGC  6711
287.070056,50.931666,12.56,1.3600000143051147,VII/155/rc3,NGC  6764
287.070056,50.931666,12.56,1.3600000143051147,VII/155/rc3,NGC  6764
295.422135,50.631933,13.84,1.0800000429153442,VII/155/rc3,A   1940+50
295.442968,50.595822,14.99,0.8899999856948853,VII/155/rc3,
295.422135,50.631933,13.84,1.0800000429153442,VII/155/rc3,A   1940+50
295.442968,50.595822,14.99,0.8899999856948853,VII/155/rc3,
139.19228,53.442829,14.6,0.6000000238418579,VII/155/rc3,A   0913+53
143.509365,55.240334,15.98,0.4699999988079071,VII/155/rc3,A   0930+55A
146.675207,54.433392,15.2,0.8999999761581421,VII/155/rc3,A   0943+54A
147.376455,55.579505,16.3,0.5899999737739563,VII/155/rc3,A   0946+55
150.216461,55.620341,14.07,1.1100000143051147,VII/155/rc3,NGC  3073
150.492712,55.678674,11.54,1.899999976158142,VII/155/rc3,NGC  3079
146.675207,54.433392,15.2,0.8999999761581421,VII/155/rc3,A   0943+54A
147.376455,55.579505,16.3,0.5899999737739563,VII/155/rc3,A   0946+55
150.216461,55.620341,14.07,1.1100000143051147,VII/155/rc3,NGC  3073
150.492712,55.678674,11.54,1.899999976158142,VII/155/rc3,NGC  3079
152.042722,53.082007,13.19,1.6799999475479126,VII/155/rc3,A   1004+53
156.758975,56.269235,16.14,0.5400000214576721,VII/155/rc3,A   1023+56
158.084812,56.083403,12.5,1.4600000381469727,VII/155/rc3,NGC  3264
159.692321,53.502291,11.15,1.4900000095367432,VII/155/rc3,NGC  3310
156.758975,56.269235,16.14,0.5400000214576721,VII/155/rc3,A   1023+56
158.084812,56.083403,12.5,1.4600000381469727,VII/155/rc3,NGC  3264
159.692321,53.502291,11.15,1.4900000095367432,VII/155/rc3,NGC  3310
161.344403,55.959239,13.25,1.1299999952316284,VII/155/rc3,NGC  3353
163.652324,56.991185,12.9,1.2100000381469727,VII/155/rc3,NGC  3445
163.663163,54.306739,12.48,1.75,VII/155/rc3,NGC  3448
167.736091,53.387852,12.78,1.5099999904632568,VII/155/rc3,NGC  3549
167.882754,55.670909,10.69,1.940000057220459,VII/155/rc3,NGC  3556
168.350259,53.583408,14.93,1.2599999904632568,VII/155/rc3,A   1110+53
163.652324,56.991185,12.9,1.2100000381469727,VII/155/rc3,NGC  3445
163.663163,54.306739,12.48,1.75,VII/155/rc3,NGC  3448
167.736091,53.387852,12.78,1.5099999904632568,VII/155/rc3,NGC  3549
167.882754,55.670909,10.69,1.940000057220459,VII/155/rc3,NGC  3556
168.350259,53.583408,14.93,1.2599999904632568,VII/155/rc3,A   1110+53
170.261514,53.171464,11.01,1.7000000476837158,VII/155/rc3,NGC  3631
171.669434,53.749521,13.54,1.5499999523162842,VII/155/rc3,
173.149022,53.066465,11.59,1.909999966621399,VII/155/rc3,NGC  3718
173.162355,52.948132,16.22,1.0499999523162842,VII/155/rc3,
173.194856,52.941188,16.21,1.0399999618530273,VII/155/rc3,
173.345687,55.0723,15.8,0.5099999904632568,VII/155/rc3,A   1130+55
173.457773,53.127021,12.03,1.4500000476837158,VII/155/rc3,NGC  3729
173.757771,54.8523,12.93,1.6799999475479126,VII/155/rc3,NGC  3733
173.953606,54.522856,12.13,1.399999976158142,VII/155/rc3,NGC  3738
174.202357,54.296189,12.11,1.6200000047683716,VII/155/rc3,NGC  3756
174.226939,54.824245,14.24,1.0399999618530273,VII/155/rc3,NGC  3759
176.890695,55.971469,12.71,1.2400000095367432,VII/155/rc3,NGC  3888
176.925279,55.766747,15.41,0.9700000286102295,VII/155/rc3,
177.314446,56.083969,11.6,1.6399999856948853,VII/155/rc3,NGC  3898
177.662365,55.353413,13.17,1.4199999570846558,VII/155/rc3,NGC  3913
177.67528,56.450081,14.12,1.1699999570846558,VII/155/rc3,A   1148+56
177.775699,55.07758,13.06,1.3300000429153442,VII/155/rc3,NGC  3921
173.149022,53.066465,11.59,1.909999966621399,VII/155/rc3,NGC  3718
173.162355,52.948132,16.22,1.0499999523162842,VII/155/rc3,
173.194856,52.941188,16.21,1.0399999618530273,VII/155/rc3,
173.345687,55.0723,15.8,0.5099999904632568,VII/155/rc3,A   1130+55
173.457773,53.127021,12.03,1.4500000476837158,VII/155/rc3,NGC  3729
173.757771,54.8523,12.93,1.6799999475479126,VII/155/rc3,NGC  3733
173.953606,54.522856,12.13,1.399999976158142,VII/155/rc3,NGC  3738
174.202357,54.296189,12.11,1.6200000047683716,VII/155/rc3,NGC  3756
174.226939,54.824245,14.24,1.0399999618530273,VII/155/rc3,NGC  3759
176.890695,55.971469,12.71,1.2400000095367432,VII/155/rc3,NGC  3888
176.925279,55.766747,15.41,0.9700000286102295,VII/155/rc3,
177.314446,56.083969,11.6,1.6399999856948853,VII/155/rc3,NGC  3898
177.662365,55.353413,13.17,1.4199999570846558,VII/155/rc3,NGC  3913
177.67528,56.450081,14.12,1.1699999570846558,VII/155/rc3,A   1148+56
177.775699,55.07758,13.06,1.3300000429153442,VII/155/rc3,NGC  3921
178.875285,54.866747,16.3,0.7400000095367432,VII/155/rc3,A   1152+55B
178.900285,54.90008,15.6,0.8199999928474426,VII/155/rc3,A   1152+55A
178.942369,55.318692,12.98,1.590000033378601,VII/155/rc3,NGC  3972
179.208204,53.161468,13.9,1.2999999523162842,VII/155/rc3,
179.401121,53.375357,10.6,1.8799999952316284,VII/155/rc3,NGC  3992
179.401536,55.459247,13.43,1.149999976158142,VII/155/rc3,NGC  3990
179.48612,55.454247,11.61,1.4299999475479126,VII/155/rc3,NGC  3998
179.786123,52.707301,13.12,1.5399999618530273,VII/155/rc3,A   1156+52
181.597795,52.711468,11.99,1.4800000190734863,VII/155/rc3,NGC  4102
182.37988,53.104802,13.89,1.340000033378601,VII/155/rc3,NGC  4142
183.541132,54.527581,13.01,1.2599999904632568,VII/155/rc3,NGC  4194
186.300307,54.504804,13.5,1.1100000143051147,VII/155/rc3,NGC  4384
181.597795,52.711468,11.99,1.4800000190734863,VII/155/rc3,NGC  4102
182.37988,53.104802,13.89,1.340000033378601,VII/155/rc3,NGC  4142
183.541132,54.527581,13.01,1.2599999904632568,VII/155/rc3,NGC  4194
186.300307,54.504804,13.5,1.1100000143051147,VII/155/rc3,NGC  4384
189.003648,54.220359,13.8,1.100000023841858,VII/155/rc3,NGC  4566
189.652399,55.927305,15.6,0.5400000214576721,VII/155/rc3,A   1236+56
190.650319,55.133416,14.6,1.2100000381469727,VII/155/rc3,NGC  4644
190.717819,54.857027,14.4,0.7799999713897705,VII/155/rc3,NGC  4646
191.17532,54.866749,14.1,1.159999966621399,VII/155/rc3,NGC  4669
191.665322,54.536471,13.6,1.309999942779541,VII/155/rc3,NGC  4686
194.059912,56.873417,14.41,1.1200000047683716,VII/155/rc3,A   1254+57
189.652399,55.927305,15.6,0.5400000214576721,VII/155/rc3,A   1236+56
190.650319,55.133416,14.6,1.2100000381469727,VII/155/rc3,NGC  4644
190.717819,54.857027,14.4,0.7799999713897705,VII/155/rc3,NGC  4646
191.17532,54.866749,14.1,1.159999966621399,VII/155/rc3,NGC  4669
191.665322,54.536471,13.6,1.309999942779541,VII/155/rc3,NGC  4686
194.059912,56.873417,14.41,1.1200000047683716,VII/155/rc3,A   1254+57
196.357835,53.592025,15.7,0.5199999809265137,VII/155/rc3,
197.150337,52.766747,14.5,1.0199999809265137,VII/155/rc3,IC    853
204.662444,57.312304,15.83,0.6000000238418579,VII/155/rc3,
205.168276,54.333413,13.09,1.3899999856948853,VII/155/rc3,Holmberg V
208.688702,53.9048,13.81,1.6299999952316284,VII/155/rc3,Holmberg IV
210.802458,54.348689,8.31,2.4600000381469727,VII/155/rc3,NGC  5457
211.182043,54.8923,12.35,1.3700000047683716,VII/155/rc3,NGC  5473
211.259125,53.663133,11.28,1.6799999475479126,VII/155/rc3,NGC  5474
211.388293,54.462022,14.36,1.2200000286102295,VII/155/rc3,NGC  5477
211.798295,55.0023,12.31,1.3700000047683716,VII/155/rc3,NGC  5485
208.688702,53.9048,13.81,1.6299999952316284,VII/155/rc3,Holmberg IV
210.802458,54.348689,8.31,2.4600000381469727,VII/155/rc3,NGC  5457
211.182043,54.8923,12.35,1.3700000047683716,VII/155/rc3,NGC  5473
211.259125,53.663133,11.28,1.6799999475479126,VII/155/rc3,NGC  5474
211.388293,54.462022,14.36,1.2200000286102295,VII/155/rc3,NGC  5477
211.798295,55.0023,12.31,1.3700000047683716,VII/155/rc3,NGC  5485
214.952057,56.730355,11.2,1.7599999904632568,VII/155/rc3,NGC  5585
216.361643,56.318965,14.43,1.2699999809265137,VII/155/rc3,A   1423+56
216.639561,56.58341,12.41,1.2300000190734863,VII/155/rc3,NGC  5631
218.722479,54.476185,12.6,1.3799999952316284,VII/155/rc3,NGC  5687
214.952057,56.730355,11.2,1.7599999904632568,VII/155/rc3,NGC  5585
216.361643,56.318965,14.43,1.2699999809265137,VII/155/rc3,A   1423+56
216.639561,56.58341,12.41,1.2300000190734863,VII/155/rc3,NGC  5631
218.722479,54.476185,12.6,1.3799999952316284,VII/155/rc3,NGC  5687
224.667493,53.886181,13.42,1.2200000286102295,VII/155/rc3,NGC  5820
225.300408,52.583401,14.9,1.2400000095367432,VII/155/rc3,A   1459+52
226.626252,55.762847,10.74,1.6699999570846558,VII/155/rc3,NGC  5866
226.96875,54.753402,13.12,1.3600000143051147,VII/155/rc3,NGC  5874
227.44709,57.001736,12.22,1.6200000047683716,VII/155/rc3,NGC  5879
228.974592,56.329512,11.12,2.0999999046325684,VII/155/rc3,NGC  5907
229.181673,55.411178,12.79,1.5099999904632568,VII/155/rc3,NGC  5908
224.667493,53.886181,13.42,1.2200000286102295,VII/155/rc3,NGC  5820
225.300408,52.583401,14.9,1.2400000095367432,VII/155/rc3,A   1459+52
226.626252,55.762847,10.74,1.6699999570846558,VII/155/rc3,NGC  5866
226.96875,54.753402,13.12,1.3600000143051147,VII/155/rc3,NGC  5874
227.44709,57.001736,12.22,1.6200000047683716,VII/155/rc3,NGC  5879
228.974592,56.329512,11.12,2.0999999046325684,VII/155/rc3,NGC  5907
229.181673,55.411178,12.79,1.5099999904632568,VII/155/rc3,NGC  5908
233.369603,56.558675,13.05,1.5199999809265137,VII/155/rc3,NGC  5963
233.509187,56.686175,12.6,1.7200000286102295,VII/155/rc3,NGC  5965
234.267101,55.263118,15.45,0.4000000059604645,VII/155/rc3,A   1535+55
233.369603,56.558675,13.05,1.5199999809265137,VII/155/rc3,NGC  5963
233.509187,56.686175,12.6,1.7200000286102295,VII/155/rc3,NGC  5965
234.267101,55.263118,15.45,0.4000000059604645,VII/155/rc3,A   1535+55
252.473385,55.54421,14.36,1.1699999570846558,VII/155/rc3,NGC  6246
253.575461,53.100041,15.2,1.090000033378601,VII/155/rc3,A   1653+53
252.473385,55.54421,14.36,1.1699999570846558,VII/155/rc3,NGC  6246
253.575461,53.100041,15.2,1.090000033378601,VII/155/rc3,A   1653+53
258.844651,57.412536,13.38,1.1799999475479126,VII/155/rc3,NGC  6338
260.125468,52.650033,15.1,1.100000023841858,VII/155/rc3,
260.855485,56.975867,13.88,1.149999976158142,VII/155/rc3,NGC  6370
265.550485,55.966694,15.3,0.9700000286102295,VII/155/rc3,
265.925489,56.800027,14.48,1.0199999809265137,VII/155/rc3,NGC  6449
266.225483,55.350026,14.98,1.0399999618530273,VII/155/rc3,
266.225484,55.68336,14.51,0.9900000095367432,VII/155/rc3,NGC  6454
267.090479,54.149192,14.39,1.0,VII/155/rc3,NGC  6479
269.800489,56.216688,14.6,1.2599999904632568,VII/155/rc3,NGC  6532
272.700479,53.333351,15.35,1.0399999618530273,VII/155/rc3,
274.050489,55.583349,14.71,1.1399999856948853,VII/155/rc3,IC   1286
279.803824,55.641119,13.55,1.2000000476837158,VII/155/rc3,NGC  6691
279.803824,55.641119,13.55,1.2000000476837158,VII/155/rc3,NGC  6691
292.785065,54.103046,12.9,1.2699999809265137,VII/155/rc3,A   1930+54
295.921738,56.110819,13.0,1.2300000190734863,VII/155/rc3,NGC  6824
295.921738,56.110819,13.0,1.2300000190734863,VII/155/rc3,NGC  6824
136.892249,60.479496,12.03,1.4800000190734863,VII/155/rc3,NGC  2742
137.907253,60.039497,10.84,1.909999966621399,VII/155/rc3,NGC  2768
145.651857,58.852282,11.84,1.4299999475479126,VII/155/rc3,NGC  2950
150.966451,59.436454,14.84,0.7400000095367432,VII/155/rc3,A   1000+59
152.964791,58.889789,15.9,0.9900000095367432,VII/155/rc3,
145.651857,58.852282,11.84,1.4299999475479126,VII/155/rc3,NGC  2950
150.966451,59.436454,14.84,0.7400000095367432,VII/155/rc3,A   1000+59
152.964791,58.889789,15.9,0.9900000095367432,VII/155/rc3,
154.807711,59.130902,15.73,1.1100000143051147,VII/155/rc3,
161.125225,60.366741,15.2,1.2200000286102295,VII/155/rc3,A   1041+60
164.788982,61.530911,13.23,1.2400000095367432,VII/155/rc3,NGC  3471
161.125225,60.366741,15.2,1.2200000286102295,VII/155/rc3,A   1041+60
164.788982,61.530911,13.23,1.2400000095367432,VII/155/rc3,NGC  3471
169.60817,58.787301,11.7,1.4299999475479126,VII/155/rc3,NGC  3610
169.651088,58.001467,11.82,1.590000033378601,VII/155/rc3,NGC  3613
169.841089,57.759801,12.5,1.4299999475479126,VII/155/rc3,NGC  3619
170.576922,59.076191,11.65,1.7300000190734863,VII/155/rc3,NGC  3642
171.682342,59.154803,14.5,0.8100000023841858,VII/155/rc3,IC    691
172.575263,58.116747,14.54,0.9700000286102295,VII/155/rc3,A   1127+58
164.788982,61.530911,13.23,1.2400000095367432,VII/155/rc3,NGC  3471
169.60817,58.787301,11.7,1.4299999475479126,VII/155/rc3,NGC  3610
169.651088,58.001467,11.82,1.590000033378601,VII/155/rc3,NGC  3613
169.841089,57.759801,12.5,1.4299999475479126,VII/155/rc3,NGC  3619
170.576922,59.076191,11.65,1.7300000190734863,VII/155/rc3,NGC  3642
171.682342,59.154803,14.5,0.8100000023841858,VII/155/rc3,IC    691
172.575263,58.116747,14.54,0.9700000286102295,VII/155/rc3,A   1127+58
175.775271,59.100082,14.5,1.2100000381469727,VII/155/rc3,A   1140+59
176.060274,57.950359,13.25,1.190000057220459,VII/155/rc3,NGC  3838
176.389023,58.978693,13.87,0.9399999976158142,VII/155/rc3,A   1142+59
177.214442,59.417027,12.63,1.4500000476837158,VII/155/rc3,NGC  3894
177.269442,59.433694,14.0,1.1299999952316284,VII/155/rc3,NGC  3895
178.311527,60.676751,11.8,1.7200000286102295,VII/155/rc3,NGC  3945
178.644031,58.367305,13.8,1.1699999570846558,VII/155/rc3,NGC  3958
178.747365,58.493694,12.5,1.440000057220459,VII/155/rc3,NGC  3963
179.044446,60.522584,13.3,1.2100000381469727,VII/155/rc3,NGC  3978
180.364032,61.894808,11.57,1.6299999952316284,VII/155/rc3,NGC  4036
180.436948,62.328975,15.5,1.2100000381469727,VII/155/rc3,A   1159+62
180.550282,62.139253,11.88,1.4299999475479126,VII/155/rc3,NGC  4041
175.775271,59.100082,14.5,1.2100000381469727,VII/155/rc3,A   1140+59
176.060274,57.950359,13.25,1.190000057220459,VII/155/rc3,NGC  3838
176.389023,58.978693,13.87,0.9399999976158142,VII/155/rc3,A   1142+59
177.214442,59.417027,12.63,1.4500000476837158,VII/155/rc3,NGC  3894
177.269442,59.433694,14.0,1.1299999952316284,VII/155/rc3,NGC  3895
178.311527,60.676751,11.8,1.7200000286102295,VII/155/rc3,NGC  3945
178.644031,58.367305,13.8,1.1699999570846558,VII/155/rc3,NGC  3958
178.747365,58.493694,12.5,1.440000057220459,VII/155/rc3,NGC  3963
179.044446,60.522584,13.3,1.2100000381469727,VII/155/rc3,NGC  3978
180.364032,61.894808,11.57,1.6299999952316284,VII/155/rc3,NGC  4036
180.436948,62.328975,15.5,1.2100000381469727,VII/155/rc3,A   1159+62
180.550282,62.139253,11.88,1.4299999475479126,VII/155/rc3,NGC  4041
187.843226,57.964529,13.1,1.2100000381469727,VII/155/rc3,NGC  4500
190.001566,61.609254,10.89,1.7599999904632568,VII/155/rc3,NGC  4605
193.840328,58.34814,12.8,1.4900000095367432,VII/155/rc3,NGC  4814
187.843226,57.964529,13.1,1.2100000381469727,VII/155/rc3,NGC  4500
190.001566,61.609254,10.89,1.7599999904632568,VII/155/rc3,NGC  4605
193.840328,58.34814,12.8,1.4900000095367432,VII/155/rc3,NGC  4814
202.402022,58.417861,11.73,1.7000000476837158,VII/155/rc3,NGC  5204
202.402022,58.417861,11.73,1.7000000476837158,VII/155/rc3,NGC  5204
206.752872,60.974806,12.31,1.5700000524520874,VII/155/rc3,NGC  5308
207.315373,60.191472,11.14,1.7699999809265137,VII/155/rc3,NGC  5322
209.031628,59.743971,12.88,1.5399999618530273,VII/155/rc3,NGC  5389
206.752872,60.974806,12.31,1.5700000524520874,VII/155/rc3,NGC  5308
207.315373,60.191472,11.14,1.7699999809265137,VII/155/rc3,NGC  5322
209.031628,59.743971,12.88,1.5399999618530273,VII/155/rc3,NGC  5389
218.650406,59.33341,14.79,1.2200000286102295,VII/155/rc3,A   1433+59
218.650406,59.33341,14.79,1.2200000286102295,VII/155/rc3,A   1433+59
230.925435,58.050067,13.78,1.2599999904632568,VII/155/rc3,A   1522+58
234.201697,59.397843,15.8,0.949999988079071,VII/155/rc3,NGC  5976
234.472948,59.392842,13.93,1.4500000476837158,VII/155/rc3,NGC  5981
234.667948,59.356175,12.04,1.409999966621399,VII/155/rc3,NGC  5982
230.925435,58.050067,13.78,1.2599999904632568,VII/155/rc3,A   1522+58
234.201697,59.397843,15.8,0.949999988079071,VII/155/rc3,NGC  5976
234.472948,59.392842,13.93,1.4500000476837158,VII/155/rc3,NGC  5981
234.667948,59.356175,12.04,1.409999966621399,VII/155/rc3,NGC  5982
234.907949,59.332564,11.87,1.7400000095367432,VII/155/rc3,NGC  5985
234.992945,58.082286,12.72,1.6200000047683716,VII/155/rc3,NGC  5987
237.856719,62.310062,11.69,1.7300000190734863,VII/155/rc3,NGC  6015
242.800058,61.26839,13.62,1.2599999904632568,VII/155/rc3,NGC  6095
237.856719,62.310062,11.69,1.7300000190734863,VII/155/rc3,NGC  6015
242.800058,61.26839,13.62,1.2599999904632568,VII/155/rc3,NGC  6095
244.800048,57.98422,13.0,1.149999976158142,VII/155/rc3,NGC  6127
250.100475,58.116714,14.0,1.0499999523162842,VII/155/rc3,A   1639+58
250.100475,58.116714,14.0,1.0499999523162842,VII/155/rc3,A   1639+58
255.200487,58.983374,14.5,1.0399999618530273,VII/155/rc3,NGC  6290
256.907165,60.730317,14.4,1.0,VII/155/rc3,NGC  6306
259.474258,61.780314,13.56,1.090000033378601,VII/155/rc3,NGC  6359
263.887174,60.814474,12.79,1.3600000143051147,VII/155/rc3,NGC  6411
264.69175,59.373362,14.16,1.1799999475479126,VII/155/rc3,IC   1267
256.907165,60.730317,14.4,1.0,VII/155/rc3,NGC  6306
258.844651,57.412536,13.38,1.1799999475479126,VII/155/rc3,NGC  6338
259.474258,61.780314,13.56,1.090000033378601,VII/155/rc3,NGC  6359
263.887174,60.814474,12.79,1.3600000143051147,VII/155/rc3,NGC  6411
264.69175,59.373362,14.16,1.1799999475479126,VII/155/rc3,IC   1267
265.300507,60.450028,14.68,1.1299999952316284,VII/155/rc3,NGC  6436
265.700498,58.800027,15.48,1.0199999809265137,VII/155/rc3,
266.203849,61.910582,14.9,0.6100000143051147,VII/155/rc3,NGC  6462
266.699251,59.246415,14.18,1.1100000143051147,VII/155/rc3,
266.800514,61.433359,14.9,1.1100000143051147,VII/155/rc3,IC   4669
267.150497,58.416692,15.1,1.0800000429153442,VII/155/rc3,
267.505932,61.531414,14.53,1.090000033378601,VII/155/rc3,NGC  6491
267.575515,61.550025,15.1,1.059999942779541,VII/155/rc3,NGC  6493
267.824253,59.471969,14.26,1.159999966621399,VII/155/rc3,NGC  6497
268.00051,60.583358,15.4,1.1699999570846558,VII/155/rc3,
269.8255,58.533355,15.07,0.9800000190734863,VII/155/rc3,
269.913432,61.360022,14.2,1.1100000143051147,VII/155/rc3,NGC  6542
273.500518,61.316683,15.2,1.0800000429153442,VII/155/rc3,NGC  6617
273.92552,61.683349,15.28,0.9900000095367432,VII/155/rc3,
275.825515,60.750013,15.48,1.090000033378601,VII/155/rc3,
279.30051,59.616675,14.6,1.1100000143051147,VII/155/rc3,NGC  6687
280.803433,60.653895,13.01,1.190000057220459,VII/155/rc3,NGC  6701
282.850502,58.06667,14.82,1.0199999809265137,VII/155/rc3,
290.379267,61.145548,13.48,1.2699999809265137,VII/155/rc3,NGC  6796
290.379267,61.145548,13.48,1.2699999809265137,VII/155/rc3,NGC  6796
308.71716,60.154134,9.61,2.059999942779541,VII/155/rc3,NGC  6946
308.71716,60.154134,9.61,2.059999942779541,VII/155/rc3,NGC  6946
140.085152,64.103389,11.52,1.7999999523162842,VII/155/rc3,NGC  2805
140.303485,64.251445,14.3,1.0800000429153442,VII/155/rc3,NGC  2814
140.373069,64.236445,15.4,0.6700000166893005,VII/155/rc3,IC   2458
140.446402,64.258112,13.28,1.6100000143051147,VII/155/rc3,NGC  2820
142.396417,62.490336,12.46,1.309999942779541,VII/155/rc3,NGC  2880
159.510206,64.265631,15.0,0.6600000262260437,VII/155/rc3,A   1034+64
159.510206,64.265631,15.0,0.6600000262260437,VII/155/rc3,A   1034+64
161.6573,63.222854,11.03,1.8600000143051147,VII/155/rc3,NGC  3359
162.40021,65.516745,15.1,1.3799999952316284,VII/155/rc3,A   1046+65
171.928158,66.590363,13.3,1.2200000286102295,VII/155/rc3,NGC  3682
159.510206,64.265631,15.0,0.6600000262260437,VII/155/rc3,A   1034+64
161.6573,63.222854,11.03,1.8600000143051147,VII/155/rc3,NGC  3359
162.40021,65.516745,15.1,1.3799999952316284,VII/155/rc3,A   1046+65
170.053565,67.240917,13.65,1.0700000524520874,VII/155/rc3,NGC  3622
171.334831,63.728416,13.77,1.3200000524520874,VII/155/rc3,A   1122+64
171.928158,66.590363,13.3,1.2200000286102295,VII/155/rc3,NGC  3682
180.436948,62.328975,15.5,1.2100000381469727,VII/155/rc3,A   1159+62
180.550282,62.139253,11.88,1.4299999475479126,VII/155/rc3,NGC  4041
180.650696,64.377309,14.6,1.0800000429153442,VII/155/rc3,A   1200+64
181.982784,65.117032,14.45,0.9800000190734863,VII/155/rc3,NGC  4121
182.030284,65.172866,10.65,1.7599999904632568,VII/155/rc3,NGC  4125
171.334831,63.728416,13.77,1.3200000524520874,VII/155/rc3,A   1122+64
171.928158,66.590363,13.3,1.2200000286102295,VII/155/rc3,NGC  3682
180.650696,64.377309,14.6,1.0800000429153442,VII/155/rc3,A   1200+64
181.94778,67.385089,14.7,0.7799999713897705,VII/155/rc3,A   1205+67
181.982784,65.117032,14.45,0.9800000190734863,VII/155/rc3,NGC  4121
182.030284,65.172866,10.65,1.7599999904632568,VII/155/rc3,NGC  4125
186.837803,64.800367,13.37,1.5099999904632568,VII/155/rc3,NGC  4441
195.142835,64.443978,15.8,0.7799999713897705,VII/155/rc3,A   1258+64
180.436948,62.328975,15.5,1.2100000381469727,VII/155/rc3,A   1159+62
180.550282,62.139253,11.88,1.4299999475479126,VII/155/rc3,NGC  4041
180.650696,64.377309,14.6,1.0800000429153442,VII/155/rc3,A   1200+64
181.982784,65.117032,14.45,0.9800000190734863,VII/155/rc3,NGC  4121
182.030284,65.172866,10.65,1.7599999904632568,VII/155/rc3,NGC  4125
186.837803,64.800367,13.37,1.5099999904632568,VII/155/rc3,NGC  4441
195.142835,64.443978,15.8,0.7799999713897705,VII/155/rc3,A   1258+64
203.046196,62.767864,13.1,1.2599999904632568,VII/155/rc3,NGC  5218
195.142835,64.443978,15.8,0.7799999713897705,VII/155/rc3,A   1258+64
203.046196,62.767864,13.1,1.2599999904632568,VII/155/rc3,NGC  5218
222.300429,63.266743,14.4,1.0,VII/155/rc3,IC   1065
222.300429,63.266743,14.4,1.0,VII/155/rc3,IC   1065
237.856719,62.310062,11.69,1.7300000190734863,VII/155/rc3,NGC  6015
244.300492,63.850056,14.56,1.159999966621399,VII/155/rc3,A   1616+63
245.238421,65.391722,11.81,1.7999999523162842,VII/155/rc3,NGC  6140
244.300492,63.850056,14.56,1.159999966621399,VII/155/rc3,A   1616+63
245.238421,65.391722,11.81,1.7999999523162842,VII/155/rc3,NGC  6140
265.275551,66.666695,15.11,0.9900000095367432,VII/155/rc3,
265.70055,66.466695,15.2,1.0800000429153442,VII/155/rc3,NGC  6457
266.875531,64.016693,14.86,1.0099999904632568,VII/155/rc3,
267.32553,63.750025,15.2,0.9800000190734863,VII/155/rc3,
268.953023,62.612245,13.95,1.2000000476837158,VII/155/rc3,NGC  6521
269.000535,64.250023,15.4,0.9200000166893005,VII/155/rc3,NGC  6534
269.320541,64.937245,14.19,1.0800000429153442,VII/155/rc3,NGC  6536
270.031389,66.615299,14.57,1.0,VII/155/rc3,NGC  6552
270.925561,67.033354,15.14,1.0399999618530273,VII/155/rc3,
278.291397,66.959454,15.2,1.2100000381469727,VII/155/rc3,NGC  6676
278.404316,67.11112,14.2,0.9700000286102295,VII/155/rc3,IC   4763
286.408038,63.933609,14.35,1.159999966621399,VII/155/rc3,NGC  6762
289.17512,63.972771,13.76,1.100000023841858,VII/155/rc3,NGC  6789
300.150546,66.216643,13.11,1.190000057220459,VII/155/rc3,NGC  6869
300.150546,66.216643,13.11,1.190000057220459,VII/155/rc3,NGC  6869
309.313864,66.106075,11.64,1.590000033378601,VII/155/rc3,NGC  6951
300.150546,66.216643,13.11,1.190000057220459,VII/155/rc3,NGC  6869
309.313864,66.106075,11.64,1.590000033378601,VII/155/rc3,NGC  6951
124.775059,70.714204,11.1,1.899999976158142,VII/155/rc3,Holmberg II
132.358416,70.162825,15.6,0.6200000047683716,VII/155/rc3,
139.828862,69.203113,11.82,1.5,VII/155/rc3,NGC  2787
140.430089,71.543392,14.6,0.9800000190734863,VII/155/rc3,A   0917+71
140.518835,71.845058,13.24,1.2300000190734863,VII/155/rc3,NGC  2810
145.100109,71.183397,13.0,1.559999942779541,VII/155/rc3,Holmberg I
146.815144,67.913954,10.82,1.7699999809265137,VII/155/rc3,NGC  2976
147.587189,72.279233,11.18,1.659999966621399,VII/155/rc3,NGC  2985
148.889725,69.066734,7.89,2.430000066757202,VII/155/rc3,NGC  3031
148.914695,72.203679,12.18,1.6299999952316284,VII/155/rc3,NGC  3027
148.975137,69.682568,9.3,2.049999952316284,VII/155/rc3,NGC  3034
149.375144,69.033401,14.3,1.399999976158142,VII/155/rc3,Holmberg IX
150.471785,72.170348,13.5,1.2300000190734863,VII/155/rc3,NGC  3065
150.541785,72.123681,13.55,1.0399999618530273,VII/155/rc3,NGC  3066
150.838068,68.733958,10.61,1.7300000190734863,VII/155/rc3,NGC  3077
156.000153,70.866742,12.6,1.5299999713897705,VII/155/rc3,A   1020+71
157.093926,68.416464,10.8,2.119999885559082,VII/155/rc3,IC   2574
157.575166,70.050076,13.8,1.600000023841858,VII/155/rc3,A   1026+70A
157.650162,70.616743,13.47,1.5099999904632568,VII/155/rc3,A   1026+70B
145.100109,71.183397,13.0,1.559999942779541,VII/155/rc3,Holmberg I
146.815144,67.913954,10.82,1.7699999809265137,VII/155/rc3,NGC  2976
148.889725,69.066734,7.89,2.430000066757202,VII/155/rc3,NGC  3031
148.975137,69.682568,9.3,2.049999952316284,VII/155/rc3,NGC  3034
149.375144,69.033401,14.3,1.399999976158142,VII/155/rc3,Holmberg IX
150.541785,72.123681,13.55,1.0399999618530273,VII/155/rc3,NGC  3066
150.838068,68.733958,10.61,1.7300000190734863,VII/155/rc3,NGC  3077
156.000153,70.866742,12.6,1.5299999713897705,VII/155/rc3,A   1020+71
157.093926,68.416464,10.8,2.119999885559082,VII/155/rc3,IC   2574
157.575166,70.050076,13.8,1.600000023841858,VII/155/rc3,A   1026+70A
157.650162,70.616743,13.47,1.5099999904632568,VII/155/rc3,A   1026+70B
162.130583,72.424525,13.46,1.190000057220459,VII/155/rc3,NGC  3364
182.136111,68.767868,12.93,1.4199999570846558,VII/155/rc3,NGC  4128
156.000153,70.866742,12.6,1.5299999713897705,VII/155/rc3,A   1020+71
157.093926,68.416464,10.8,2.119999885559082,VII/155/rc3,IC   2574
157.575166,70.050076,13.8,1.600000023841858,VII/155/rc3,A   1026+70A
157.650162,70.616743,13.47,1.5099999904632568,VII/155/rc3,A   1026+70B
182.136111,68.767868,12.93,1.4199999570846558,VII/155/rc3,NGC  4128
184.181119,69.465646,10.05,2.3399999141693115,VII/155/rc3,NGC  4236
186.068214,67.44009,15.4,0.7799999713897705,VII/155/rc3,A   1221+67
186.100294,70.316758,13.05,1.5199999809265137,VII/155/rc3,A   1222+70
181.94778,67.385089,14.7,0.7799999713897705,VII/155/rc3,A   1205+67
182.136111,68.767868,12.93,1.4199999570846558,VII/155/rc3,NGC  4128
184.181119,69.465646,10.05,2.3399999141693115,VII/155/rc3,NGC  4236
186.068214,67.44009,15.4,0.7799999713897705,VII/155/rc3,A   1221+67
186.100294,70.316758,13.05,1.5199999809265137,VII/155/rc3,A   1222+70
196.612426,67.704257,12.8,1.5399999618530273,VII/155/rc3,A   1304+67
200.724532,70.513424,13.4,1.090000033378601,VII/155/rc3,NGC  5144
186.100294,70.316758,13.05,1.5199999809265137,VII/155/rc3,A   1222+70
196.612426,67.704257,12.8,1.5399999618530273,VII/155/rc3,A   1304+67
200.724532,70.513424,13.4,1.090000033378601,VII/155/rc3,NGC  5144
214.864605,71.586752,13.9,0.9399999976158142,VII/155/rc3,NGC  5607
200.724532,70.513424,13.4,1.090000033378601,VII/155/rc3,NGC  5144
214.864605,71.586752,13.9,0.9399999976158142,VII/155/rc3,NGC  5607
237.037169,68.206732,14.95,0.8500000238418579,VII/155/rc3,
237.074253,68.220621,14.87,1.149999976158142,VII/155/rc3,
237.037169,68.206732,14.95,0.8500000238418579,VII/155/rc3,
237.074253,68.220621,14.87,1.149999976158142,VII/155/rc3,
237.037169,68.206732,14.95,0.8500000238418579,VII/155/rc3,
237.074253,68.220621,14.87,1.149999976158142,VII/155/rc3,
257.608106,72.306151,11.87,1.5099999904632568,VII/155/rc3,NGC  6340
267.366009,70.144748,10.91,1.850000023841858,VII/155/rc3,NGC  6503
257.608106,72.306151,11.87,1.5099999904632568,VII/155/rc3,NGC  6340
257.875608,72.383373,15.0,1.2000000476837158,VII/155/rc3,IC   1254
267.366009,70.144748,10.91,1.850000023841858,VII/155/rc3,NGC  6503
278.710606,70.522508,13.1,1.5800000429153442,VII/155/rc3,NGC  6690
267.366009,70.144748,10.91,1.850000023841858,VII/155/rc3,NGC  6503
278.710606,70.522508,13.1,1.5800000429153442,VII/155/rc3,NGC  6690
278.710606,70.522508,13.1,1.5800000429153442,VII/155/rc3,NGC  6690
117.352485,74.333637,14.4,0.9200000166893005,VII/155/rc3,A   0743+74
117.701235,74.358916,13.1,1.0499999523162842,VII/155/rc3,A   0744+74
117.977928,73.016138,13.0,1.2999999523162842,VII/155/rc3,NGC  2441
122.746691,72.794757,14.9,0.7300000190734863,VII/155/rc3,A   0805+72
123.746679,73.580314,12.63,1.4700000286102295,VII/155/rc3,NGC  2523
125.422092,73.989761,13.8,1.0399999618530273,VII/155/rc3,NGC  2544
126.205437,73.412817,13.1,1.2200000286102295,VII/155/rc3,NGC  2551
126.260002,74.433373,14.8,1.159999966621399,VII/155/rc3,A   0819+74
131.810876,72.985325,13.33,1.25,VII/155/rc3,NGC  2629
131.984617,73.538103,14.0,1.2000000476837158,VII/155/rc3,IC   2389
132.027524,74.099492,12.9,1.3899999856948853,VII/155/rc3,NGC  2633
132.102532,73.670048,14.66,0.800000011920929,VII/155/rc3,NGC  2636
132.10461,73.967548,12.91,1.2300000190734863,VII/155/rc3,NGC  2634
133.312127,73.189216,15.2,0.8500000238418579,VII/155/rc3,A   0847+73
133.421705,73.490605,12.55,1.2899999618530273,VII/155/rc3,IC    520
138.436247,76.475612,12.4,1.4800000190734863,VII/155/rc3,NGC  2748
138.69796,74.232001,13.02,1.4500000476837158,VII/155/rc3,Holmberg III
139.634222,73.758669,12.62,1.559999942779541,VII/155/rc3,IC    529
145.945479,74.86201,13.3,1.2599999904632568,VII/155/rc3,NGC  2977
149.049642,75.865069,13.47,1.2200000286102295,VII/155/rc3,NGC  3061
154.221786,73.401185,11.43,1.590000033378601,VII/155/rc3,NGC  3147
155.460116,74.178131,12.68,1.3700000047683716,VII/155/rc3,NGC  3183
161.791828,72.840914,12.17,1.309999942779541,VII/155/rc3,NGC  3348
162.130583,72.424525,13.46,1.190000057220459,VII/155/rc3,NGC  3364
166.697271,72.570084,12.5,1.2400000095367432,VII/155/rc3,NGC  3516
132.027524,74.099492,12.9,1.3899999856948853,VII/155/rc3,NGC  2633
132.10461,73.967548,12.91,1.2300000190734863,VII/155/rc3,NGC  2634
133.421705,73.490605,12.55,1.2899999618530273,VII/155/rc3,IC    520
138.69796,74.232001,13.02,1.4500000476837158,VII/155/rc3,Holmberg III
139.634222,73.758669,12.62,1.559999942779541,VII/155/rc3,IC    529
140.430089,71.543392,14.6,0.9800000190734863,VII/155/rc3,A   0917+71
140.518835,71.845058,13.24,1.2300000190734863,VII/155/rc3,NGC  2810
145.100109,71.183397,13.0,1.559999942779541,VII/155/rc3,Holmberg I
145.945479,74.86201,13.3,1.2599999904632568,VII/155/rc3,NGC  2977
147.587189,72.279233,11.18,1.659999966621399,VII/155/rc3,NGC  2985
148.914695,72.203679,12.18,1.6299999952316284,VII/155/rc3,NGC  3027
149.049642,75.865069,13.47,1.2200000286102295,VII/155/rc3,NGC  3061
150.471785,72.170348,13.5,1.2300000190734863,VII/155/rc3,NGC  3065
150.541785,72.123681,13.55,1.0399999618530273,VII/155/rc3,NGC  3066
154.221786,73.401185,11.43,1.590000033378601,VII/155/rc3,NGC  3147
155.460116,74.178131,12.68,1.3700000047683716,VII/155/rc3,NGC  3183
161.791828,72.840914,12.17,1.309999942779541,VII/155/rc3,NGC  3348
162.130583,72.424525,13.46,1.190000057220459,VII/155/rc3,NGC  3364
166.697271,72.570084,12.5,1.2400000095367432,VII/155/rc3,NGC  3516
185.07611,75.372593,12.43,1.2799999713897705,VII/155/rc3,NGC  4291
186.12195,75.530371,12.67,1.3899999856948853,VII/155/rc3,NGC  4386
189.356973,74.194815,11.69,1.5,VII/155/rc3,NGC  4589
190.439479,74.42176,12.96,1.3300000429153442,VII/155/rc3,NGC  4648
154.221786,73.401185,11.43,1.590000033378601,VII/155/rc3,NGC  3147
155.460116,74.178131,12.68,1.3700000047683716,VII/155/rc3,NGC  3183
161.791828,72.840914,12.17,1.309999942779541,VII/155/rc3,NGC  3348
162.130583,72.424525,13.46,1.190000057220459,VII/155/rc3,NGC  3364
166.697271,72.570084,12.5,1.2400000095367432,VII/155/rc3,NGC  3516
185.07611,75.372593,12.43,1.2799999713897705,VII/155/rc3,NGC  4291
186.12195,75.530371,12.67,1.3899999856948853,VII/155/rc3,NGC  4386
189.356973,74.194815,11.69,1.5,VII/155/rc3,NGC  4589
190.439479,74.42176,12.96,1.3300000429153442,VII/155/rc3,NGC  4648
214.864605,71.586752,13.9,0.9399999976158142,VII/155/rc3,NGC  5607
185.07611,75.372593,12.43,1.2799999713897705,VII/155/rc3,NGC  4291
186.12195,75.530371,12.67,1.3899999856948853,VII/155/rc3,NGC  4386
189.356973,74.194815,11.69,1.5,VII/155/rc3,NGC  4589
190.439479,74.42176,12.96,1.3300000429153442,VII/155/rc3,NGC  4648
189.356973,74.194815,11.69,1.5,VII/155/rc3,NGC  4589
190.439479,74.42176,12.96,1.3300000429153442,VII/155/rc3,NGC  4648
257.608106,72.306151,11.87,1.5099999904632568,VII/155/rc3,NGC  6340
257.875608,72.383373,15.0,1.2000000476837158,VII/155/rc3,IC   1254
214.864605,71.586752,13.9,0.9399999976158142,VII/155/rc3,NGC  5607
257.608106,72.306151,11.87,1.5099999904632568,VII/155/rc3,NGC  6340
257.875608,72.383373,15.0,1.2000000476837158,VII/155/rc3,IC   1254
262.402767,75.705033,12.28,1.399999976158142,VII/155/rc3,NGC  6412
274.943592,74.570291,11.73,1.5800000429153442,VII/155/rc3,NGC  6643
276.037315,73.183068,13.0,1.4199999570846558,VII/155/rc3,NGC  6654
257.875608,72.383373,15.0,1.2000000476837158,VII/155/rc3,IC   1254
262.402767,75.705033,12.28,1.399999976158142,VII/155/rc3,NGC  6412
274.943592,74.570291,11.73,1.5800000429153442,VII/155/rc3,NGC  6643
276.037315,73.183068,13.0,1.4199999570846558,VII/155/rc3,NGC  6654
282.57732,73.350835,15.45,0.12999999523162842,VII/155/rc3,
257.608106,72.306151,11.87,1.5099999904632568,VII/155/rc3,NGC  6340
257.875608,72.383373,15.0,1.2000000476837158,VII/155/rc3,IC   1254
262.402767,75.705033,12.28,1.399999976158142,VII/155/rc3,NGC  6412
274.943592,74.570291,11.73,1.5800000429153442,VII/155/rc3,NGC  6643
276.037315,73.183068,13.0,1.4199999570846558,VII/155/rc3,NGC  6654
282.57732,73.350835,15.45,0.12999999523162842,VII/155/rc3,
274.943592,74.570291,11.73,1.5800000429153442,VII/155/rc3,NGC  6643
276.037315,73.183068,13.0,1.4199999570846558,VII/155/rc3,NGC  6654
282.57732,73.350835,15.45,0.12999999523162842,VII/155/rc3,
97.899138,74.431384,13.58,1.2200000286102295,VII/155/rc3,A   0625+74
100.564526,75.623611,15.6,0.8399999737739563,VII/155/rc3,A   0635+75
101.943303,74.481946,13.0,1.3600000143051147,VII/155/rc3,NGC  2258
103.049554,74.426393,15.0,0.8799999952316284,VII/155/rc3,IC    450
107.273701,75.353066,14.3,1.0099999904632568,VII/155/rc3,IC   2174
107.634952,75.327233,13.18,1.2400000095367432,VII/155/rc3,NGC  2314
108.586659,73.480846,13.2,1.4500000476837158,VII/155/rc3,A   0708+73A
112.581878,79.872796,13.21,1.5099999904632568,VII/155/rc3,IC    467
133.911179,78.224495,10.96,1.690000057220459,VII/155/rc3,NGC  2655
137.029531,78.086444,11.79,1.690000057220459,VII/155/rc3,NGC  2715
138.354083,79.187279,12.9,1.3200000524520874,VII/155/rc3,NGC  2732
151.399958,80.283405,13.49,1.350000023841858,VII/155/rc3,NGC  3057
186.12195,75.530371,12.67,1.3899999856948853,VII/155/rc3,NGC  4386
123.746679,73.580314,12.63,1.4700000286102295,VII/155/rc3,NGC  2523
125.422092,73.989761,13.8,1.0399999618530273,VII/155/rc3,NGC  2544
126.205437,73.412817,13.1,1.2200000286102295,VII/155/rc3,NGC  2551
126.260002,74.433373,14.8,1.159999966621399,VII/155/rc3,A   0819+74
131.810876,72.985325,13.33,1.25,VII/155/rc3,NGC  2629
131.984617,73.538103,14.0,1.2000000476837158,VII/155/rc3,IC   2389
132.027524,74.099492,12.9,1.3899999856948853,VII/155/rc3,NGC  2633
132.102532,73.670048,14.66,0.800000011920929,VII/155/rc3,NGC  2636
132.10461,73.967548,12.91,1.2300000190734863,VII/155/rc3,NGC  2634
133.312127,73.189216,15.2,0.8500000238418579,VII/155/rc3,A   0847+73
133.421705,73.490605,12.55,1.2899999618530273,VII/155/rc3,IC    520
133.911179,78.224495,10.96,1.690000057220459,VII/155/rc3,NGC  2655
137.029531,78.086444,11.79,1.690000057220459,VII/155/rc3,NGC  2715
138.354083,79.187279,12.9,1.3200000524520874,VII/155/rc3,NGC  2732
138.436247,76.475612,12.4,1.4800000190734863,VII/155/rc3,NGC  2748
138.69796,74.232001,13.02,1.4500000476837158,VII/155/rc3,Holmberg III
139.634222,73.758669,12.62,1.559999942779541,VII/155/rc3,IC    529
145.945479,74.86201,13.3,1.2599999904632568,VII/155/rc3,NGC  2977
149.049642,75.865069,13.47,1.2200000286102295,VII/155/rc3,NGC  3061
151.399958,80.283405,13.49,1.350000023841858,VII/155/rc3,NGC  3057
154.221786,73.401185,11.43,1.590000033378601,VII/155/rc3,NGC  3147
155.460116,74.178131,12.68,1.3700000047683716,VII/155/rc3,NGC  3183
161.791828,72.840914,12.17,1.309999942779541,VII/155/rc3,NGC  3348
162.130583,72.424525,13.46,1.190000057220459,VII/155/rc3,NGC  3364
166.697271,72.570084,12.5,1.2400000095367432,VII/155/rc3,NGC  3516
235.975782,81.800069,13.7,1.409999966621399,VII/155/rc3,A   1547+81
248.168206,78.19922,11.79,1.4800000190734863,VII/155/rc3,NGC  6217
257.875608,72.383373,15.0,1.2000000476837158,VII/155/rc3,IC   1254
262.402767,75.705033,12.28,1.399999976158142,VII/155/rc3,NGC  6412
185.07611,75.372593,12.43,1.2799999713897705,VII/155/rc3,NGC  4291
186.12195,75.530371,12.67,1.3899999856948853,VII/155/rc3,NGC  4386
189.356973,74.194815,11.69,1.5,VII/155/rc3,NGC  4589
190.439479,74.42176,12.96,1.3300000429153442,VII/155/rc3,NGC  4648
235.975782,81.800069,13.7,1.409999966621399,VII/155/rc3,A   1547+81
248.168206,78.19922,11.79,1.4800000190734863,VII/155/rc3,NGC  6217
248.168206,78.19922,11.79,1.4800000190734863,VII/155/rc3,NGC  6217
248.168206,78.19922,11.79,1.4800000190734863,VII/155/rc3,NGC  6217
262.402767,75.705033,12.28,1.399999976158142,VII/155/rc3,NGC  6412
310.874141,80.155234,13.8,1.4600000381469727,VII/155/rc3,
85.518399,69.379422,11.73,1.659999966621399,VII/155/rc3,NGC  1961
93.900035,71.034434,14.03,1.2599999904632568,VII/155/rc3,A   0609+71B
94.666942,78.355267,11.38,1.7799999713897705,VII/155/rc3,NGC  2146
95.984434,78.530825,13.5,1.4800000190734863,VII/155/rc3,NGC  2146A
97.899138,74.431384,13.58,1.2200000286102295,VII/155/rc3,A   0625+74
100.564526,75.623611,15.6,0.8399999737739563,VII/155/rc3,A   0635+75
101.943303,74.481946,13.0,1.3600000143051147,VII/155/rc3,NGC  2258
103.049554,74.426393,15.0,0.8799999952316284,VII/155/rc3,IC    450
104.769779,80.003617,13.74,1.1299999952316284,VII/155/rc3,A   0650+80
111.768527,80.178073,11.05,1.850000023841858,VII/155/rc3,NGC  2336
112.581878,79.872796,13.21,1.5099999904632568,VII/155/rc3,IC    467
237.037169,68.206732,14.95,0.8500000238418579,VII/155/rc3,
237.074253,68.220621,14.87,1.149999976158142,VII/155/rc3,
244.300492,63.850056,14.56,1.159999966621399,VII/155/rc3,A   1616+63
245.238421,65.391722,11.81,1.7999999523162842,VII/155/rc3,NGC  6140
139.828862,69.203113,11.82,1.5,VII/155/rc3,NGC  2787
140.085152,64.103389,11.52,1.7999999523162842,VII/155/rc3,NGC  2805
140.303485,64.251445,14.3,1.0800000429153442,VII/155/rc3,NGC  2814
140.373069,64.236445,15.4,0.6700000166893005,VII/155/rc3,IC   2458
140.430089,71.543392,14.6,0.9800000190734863,VII/155/rc3,A   0917+71
140.446402,64.258112,13.28,1.6100000143051147,VII/155/rc3,NGC  2820
140.518835,71.845058,13.24,1.2300000190734863,VII/155/rc3,NGC  2810
145.100109,71.183397,13.0,1.559999942779541,VII/155/rc3,Holmberg I
145.945479,74.86201,13.3,1.2599999904632568,VII/155/rc3,NGC  2977
146.815144,67.913954,10.82,1.7699999809265137,VII/155/rc3,NGC  2976
147.587189,72.279233,11.18,1.659999966621399,VII/155/rc3,NGC  2985
148.914695,72.203679,12.18,1.6299999952316284,VII/155/rc3,NGC  3027
148.975137,69.682568,9.3,2.049999952316284,VII/155/rc3,NGC  3034
149.049642,75.865069,13.47,1.2200000286102295,VII/155/rc3,NGC  3061
150.471785,72.170348,13.5,1.2300000190734863,VII/155/rc3,NGC  3065
150.541785,72.123681,13.55,1.0399999618530273,VII/155/rc3,NGC  3066
151.399958,80.283405,13.49,1.350000023841858,VII/155/rc3,NGC  3057
154.221786,73.401185,11.43,1.590000033378601,VII/155/rc3,NGC  3147
155.460116,74.178131,12.68,1.3700000047683716,VII/155/rc3,NGC  3183
282.57732,73.350835,15.45,0.12999999523162842,VII/155/rc3,
300.150546,66.216643,13.11,1.190000057220459,VII/155/rc3,NGC  6869
195.142835,64.443978,15.8,0.7799999713897705,VII/155/rc3,A   1258+64
196.612426,67.704257,12.8,1.5399999618530273,VII/155/rc3,A   1304+67
200.724532,70.513424,13.4,1.090000033378601,VII/155/rc3,NGC  5144
235.975782,81.800069,13.7,1.409999966621399,VII/155/rc3,A   1547+81
241.750799,81.300062,14.79,1.1299999952316284,VII/155/rc3,
247.075785,80.350055,15.2,1.2999999523162842,VII/155/rc3,
248.140927,82.538109,13.64,1.2599999904632568,VII/155/rc3,NGC  6251
253.250759,79.066713,15.47,1.2300000190734863,VII/155/rc3,
256.075755,78.650042,15.0,1.0399999618530273,VII/155/rc3,
319.226023,83.816611,15.22,0.9800000190734863,VII/155/rc3,
342.600698,82.866586,14.6,1.3700000047683716,VII/155/rc3,
