source_id,ra_deg,dec_deg,mag
3904350951121273600,188.04064707893912,10.470223904114896,9.580092
3905666070108032640,184.44555875796155,10.26521352030834,10.263633
3907169068142985856,184.99898101819636,10.516531036144531,10.928451
3907251600234525824,184.64124285522286,10.86859829308047,9.633822
3907377906632612864,185.53477587420483,11.421041286662541,11.320624
3907459957687901696,186.8763758268468,11.13623004854387,8.951087
3907467997866655872,186.88651811403275,11.280168418545255,10.721682
3907475763167579648,187.33881912633794,11.24302641995834,11.35218
3907680341049878656,187.41458446567822,12.22814977997021,10.571846
3907854270045354112,186.2589180519271,12.470219648648651,10.838686
3907946869540265728,186.54246865382606,12.587572548314538,11.22424
3908618121389319424,185.84067924220292,12.668201106134662,9.920389
3928620746159101440,188.85555380893567,11.896456080785462,11.534456
3928633871579162880,188.98126191286403,12.13470357711748,11.818966
3928677542806618240,188.93371448913084,12.429911591864213,11.666375
3928778904034703488,189.40846298002072,12.669563488395514,8.535982
3931760573410900096,188.66623936427644,12.964117603114346,11.449051
3931841937271301632,189.1920475897472,13.271333004680729,11.647494
3931998995635392000,187.27807085193086,13.043750859304494,11.3303585
3932136778186163200,188.07595106047305,13.658148139696017,9.99974
3932146227114244992,188.39286892772935,13.823266120192724,11.488491
3932164334696344064,188.2459477598437,14.00482708603288,11.436149
3932848574526315904,186.8853024751241,13.806227924784439,10.745218
3933120772374101376,186.01479016717136,14.222106975763843,11.852199
3933338510035631104,188.49355987486462,14.691932337376153,11.205337
3903933510364806016,187.22663655100652,9.988182287977274,10.355366
3904012851295724544,186.4613805943987,10.24749018867105,11.808778
3904018280134667648,186.76106980893655,10.413659225351891,10.495926
3904027729062457600,187.00282452100052,10.33693424915628,11.284213
3904039136495625472,187.2610664232626,10.599000879385326,11.929676
3904278726951316352,188.97757680225698,10.732032361352736,11.540229
3904333290215858816,189.21324981403012,11.247593588696589,11.936656
3904373113152498688,187.81352107202952,10.730452802136512,11.626297
3904388128358205184,188.13882739221066,10.765775657015062,10.773553
3904521719021034880,188.65744228407365,11.300928201572203,7.9585433
3906950952523586560,185.24195503088254,10.129531148140849,11.937561
3907111373846686592,185.93350063605118,10.87303359726127,11.665329
3907120964509077888,186.28966986313563,10.924723684794237,11.477439
3907141236754693504,186.04457551053684,11.059944889159155,11.260552
3907255826482325504,184.47646427976315,10.94641861254202,11.656283
3907471090243160192,187.36755018702462,11.138921870107465,8.799061
3907599698743948032,187.45211325246913,11.72581463035664,9.500334
3907690202295217536,187.74038529392283,12.270402154942408,11.993505
3907752221622418560,186.32043562393113,12.006338426152544,10.789973
3907754489365200000,186.7663604805497,11.811297439213135,9.67769
3907898044352126848,187.32779583379028,12.456964111650926,11.353481
3907928968116593792,186.72661330281068,12.408276835170213,11.714637
3908634923301649152,185.39126937973643,12.47286874966653,9.653728
3908778478288017664,185.8093445703532,13.098593708810965,10.49107
3908916256543205376,184.72121713807238,13.081765466494426,11.822369
3909040883609501824,185.88551119065139,13.923012052056958,10.80553
3909097645898659328,185.61673454500487,14.123692770430198,10.256992
3909120529484385664,185.54538816392377,14.305392470971038,11.534625
3921123176369962240,185.29632293018835,14.237031649064237,11.101409
3931937904020635136,187.86914456332528,12.940511860465746,11.757119
3932135163278457216,188.0852722132032,13.58380809909929,9.691304
3932203229920184320,188.43553189196072,14.337971265405308,11.603891
3932578094665739904,188.73982223993775,14.494933234856493,9.981569
3932869327808277120,186.7315336018206,14.051512530993955,11.779127
3932912999036194944,187.83529516775417,14.030652918829732,10.440011
3932978694855677952,188.03104990395784,14.714584482575708,11.094581
3933084144893032704,186.29127464956562,14.40479921684701,9.797972
3933152550836440960,185.85607706451566,14.658721835883789,11.601074
3903329367380169600,189.273416955998,9.834161691387694,10.777841
3903990311307366656,186.80520915445132,10.018725744926067,11.343038
3904012370259666816,186.53615096953587,10.250127277605941,10.631551
3904120259837979776,188.84311843402094,10.283670615000878,9.733164
3904194579952009600,188.33487613804834,10.621550771992789,11.666291
3904527693320163712,188.98888451314113,11.405096929738217,8.993781
3904543022058827520,188.76480852253152,11.492131589851459,11.005233
3905658407886394240,184.77052545629337,10.303325814925632,10.786832
3907015411392822144,186.3050908503629,10.313999590575952,11.291667
3907039561993499648,186.14541512808117,10.613009545921495,11.70137
3907196590293444352,185.3137811121857,10.717754626377365,11.962372
3907199815812914944,185.46067339268035,10.740831764647858,11.793682
3907440372637342464,186.90663209615195,10.926794658662454,10.22028
3907591383687309184,187.85206948826635,11.755049723373249,9.950609
3907670067488089472,187.0995077953639,12.03897666915787,9.639463
3908143132366662784,184.96606027228694,11.59853917286155,6.8867455
3908152199041000832,185.2106549080626,11.767459762793816,11.145882
3908181374755502592,185.25525996398179,11.897681278707637,11.350213
3908199757215505792,185.14488980481087,12.125227072724536,10.511293
3908462231256697984,184.49028925366383,12.522753913158082,10.030103
3908468416009626880,184.75705938768897,12.637194033859009,11.197903
3908929764216851584,184.80152861758825,13.346719142953019,11.906807
3909052119245348352,185.98165618710505,14.058481010850556,9.2852745
3909053974671221504,185.97691668490248,14.137351053116564,9.888033
3921120771188243584,184.9618985405299,14.383456249648631,8.839338
3928762033403159680,189.38629266921578,12.431029744525604,11.712625
3931693606281079040,189.0018209303209,12.684711677460458,9.901597
3931784178551113728,189.18586126283125,12.720045424459864,11.590045
3932110596065595904,188.93982379405793,13.819921340173396,11.477678
3932520331650439552,189.14181625958028,14.381151860229812,11.980046
3932824763227651968,187.2430449800205,13.86255910672781,11.50558
3903327030917933568,189.0824895802822,9.809938582748961,11.721396
3904224919601029376,188.95796032763414,10.627815956988055,11.7343025
3904534535203447040,188.5712906545542,11.36788476907984,11.449897
3905669506081872256,184.59385902824354,10.319375065155548,10.839594
3906984831225630592,185.63038665295875,10.365106044354528,11.336661
3907074338344113536,186.47836022268967,10.898940502157135,10.955562
3907296680211126400,185.64533996157925,10.905486850337217,9.840035
3907384675501039616,185.13066241644958,11.375301107018204,8.936538
3907404501070114560,185.71944925408235,11.606917389276783,9.703862
3907405428782402176,185.6013265639406,11.547040754869247,11.0916815
3907646118750543744,188.03109151605096,12.26415117497124,10.989236
3907659553408201344,187.6816125906003,12.066924675665394,11.898997
3907666111823441536,187.22754970829956,11.975114720039029,11.296678
3908052113419755136,184.44518175702134,11.337917582844282,11.925357
3908117293841981184,184.4818919423874,11.777792134583748,11.160687
3908624993336996736,185.9975756270491,12.763394864262374,11.337644
3908708624939950464,186.23301633295344,12.825161429759964,11.781761
3908734807060595072,186.2470411954378,13.126689304805923,11.329953
3908927771351997696,184.61871915874818,13.243052399562371,11.053171
3908959794628227584,185.2051560900958,13.528550531854998,11.616761
3909068783718390784,185.30348823931772,13.870104334774028,9.959998
3921132247340883328,185.41314738514578,14.371487246661712,11.800726
3928556901469532160,189.327612023938,11.68260185343793,11.478866
3928563365396075776,189.302408284687,11.817774631409442,7.7408147
3931778715352734720,188.54118649545975,13.156820596085927,10.552615
3931988756433050112,188.20559115070407,13.421420599349604,11.542706
3932015385230900096,187.27658855767484,13.249339333993088,10.717963
3933006766761830400,187.38957719058482,14.555977627371846,11.178629
3933074524166258816,186.14214388924563,14.219333920828086,11.491758
3903749586980348032,187.72690166469633,9.839360032358224,10.803997
3904013401051539968,186.5055403433119,10.284773220195902,11.500142
3904093631040737664,188.78153025429472,9.965351397977518,10.808151
3904124211207873408,188.69178778615455,10.30617679273815,10.260111
3904543812332812032,188.79465310329766,11.547696379555994,7.270075
3905447198574102912,185.1150305505771,9.989871588251258,10.123447
3905450153511572224,184.8571099279653,9.876276824199001,8.944361
3907031869707479680,186.18633357247072,10.421832275624023,10.505258
3907179376064495232,184.77790953231087,10.593606697698037,8.447623
3907263213826123520,184.97763913513984,10.955778645878635,11.441373
3907277473117520000,184.77476173033645,10.994649298325248,11.706746
3907454047812899200,186.8821419717055,11.02706954017885,8.919936
3907618493520912000,188.0436049539333,11.911029172655503,11.6694975
3907919725347044352,187.36653670873207,12.673863829666034,11.475566
3907923333119827584,187.46635260232253,12.807950342910901,10.531089
3908647155368500608,185.35425207383747,12.680191901621864,9.402283
3908776313623729792,186.0022686670221,13.101567179734525,11.944959
3908792256543105408,185.7769837893149,13.217361677405117,11.312228
3908858570839004288,185.13561841286224,12.982080183197768,11.992257
3908953472436327424,184.83411842647268,13.398014601515214,11.911361
3909076995696229248,185.02095508967662,13.854754520250978,10.487643
3921125478472423296,185.38604698350687,14.33195892725759,11.641963
3928356760289066112,189.43956098089393,11.458764667961555,11.853851
3928588344925873536,189.47865335100715,11.903049964965122,10.654127
3931848152088318976,189.531505208132,13.385368193126723,11.615633
3932123584046661888,188.50958483255363,13.876523629948325,9.712817
3932503705832215552,189.25951026113407,14.251780060730429,8.811227
3933008209870842880,187.4916634788865,14.58153214294153,10.836965
3904339543688130816,187.75735324585526,10.236016180059996,10.726641
3904341673991910144,187.80701535454997,10.294289978682501,11.731957
3904462929508541568,187.53760828402923,11.011794837733698,11.939137
3905659507398000896,184.45812888400334,10.11998433639949,9.779032
3906892609687864064,185.56106847712803,9.845789196091467,8.067965
3906923945769300864,186.22717326462515,10.2659119691729,9.869108
3907013865204594560,186.3418227307582,10.25823196819586,11.940315
3907346261313627520,186.21506765416655,11.505983089789103,11.022804
3907434428402239616,185.6694556450697,11.967394896270319,11.947331
3907692470037600768,187.91684883360062,12.27914403859303,11.575879
3907979339493090048,187.24625438587339,12.98989704287447,11.351825
3908143677825887616,185.00932530219566,11.637756320839078,10.027262
3908262154500391808,185.1155367036099,12.451278637662755,11.650873
3908621282485258368,185.77091145001756,12.685169933622623,8.966336
3908905197003979904,185.3080090613397,13.308659191565749,11.224539
3909024425296213760,185.85227167374347,13.68150564473102,10.744051
3921088369954950784,184.86745044888477,13.928911706909453,9.983181
3921096616292537216,185.14286752098593,14.079051539335863,11.002778
3931798850159401216,189.34217397807203,12.983629869642302,7.9922915
3932065103771973376,188.44146031017542,13.292052570264564,11.854504
3932796622601922048,187.03317337502693,13.668928831241114,10.946352
3932949626517004032,188.01482371526515,14.335615699234284,10.426038
3933070847674277376,186.18860513824643,14.162777706849786,11.84607
3933134413190239360,186.11203184168673,14.499726434271164,9.414894
3945175646062526464,185.33313013334723,14.758597008056139,9.717108
3904153004668554368,187.90353490164588,10.266925345972146,8.379618
3904223339053088640,188.95511365633578,10.567283898280536,11.02627
3904334114849579776,189.19588565484617,11.261305949245592,10.893261
3904395756220085248,187.9269126511897,10.796657252595505,10.928984
3905455754148909696,184.66078158366452,9.97095158238933,11.313194
3907042658665354880,186.4587474318933,10.641741460010602,9.471085
3907047846985827584,186.25451611337326,10.724704545410797,10.4808855
3907078598951696896,186.70972476461304,10.961375809739888,10.979451
3907137251025043968,186.22280687151428,11.028555928989531,11.524402
3907374127061389440,185.4390601979664,11.281412334003827,11.125803
3907509263912435328,186.8066274586099,11.286750212062739,11.110483
3907616294497654016,187.96552878466153,11.837387232485247,11.68865
3907652062985191552,187.3161072880743,11.875648419797214,10.867624
3907950820910172544,186.453615340529,12.613008404783626,11.762081
3908164950800493184,184.67650257857804,11.794731431151629,9.785937
3908166015952418560,184.9153603004625,11.758010250808244,11.153997
3908489306730541952,184.5394362678995,12.83381047135741,10.161287
3908538544235587840,184.44071413759923,12.937286671025147,11.023577
3908704398692156160,186.31478082050685,12.767650763970373,11.531857
3908826685000972416,186.14416253915945,13.477453123325628,11.175388
3908974363157595392,184.70800579958862,13.662528624844818,11.009666
3909026830477902592,185.93814349067767,13.784875814373327,11.9375305
3909061190216207104,185.26749292624154,13.76319303206963,11.135416
3928554741101719552,189.17035360190113,11.688903578691052,11.935094
3931803729242243584,189.13299851931157,12.943646600088865,11.386964
3931863343388545536,189.01612964706288,13.182164547187934,10.737181
3932047786464185216,187.62417567918672,13.468835744220138,10.194271
3932059743652877952,187.81784991100292,13.722196745133024,11.859197
3932139011569160320,188.1758749153432,13.740344704442508,11.825768
3932838369684327808,187.41288151890288,14.13299016414057,10.192042
3932982229616389120,187.51645432323807,14.290479774604421,11.480196
3933024805624521856,187.89492866165398,14.720948982086073,11.3708725
3933105615433375744,186.6564696042469,14.48859328146796,11.848982
3903773570077704832,187.6039600951783,10.058254491593928,10.756176
3904025804917133184,187.1553129882554,10.346403605910988,10.424474
3904290615420778112,188.7164465211356,10.836166996228004,7.8414345
3904326796225299968,188.92414544945214,11.093674599747104,11.351682
3904372151079787264,187.63188760686043,10.696574393089865,10.74246
3905439879949827456,185.13799654485206,9.828238764771493,11.294255
3905645385545817472,184.64523534065285,10.0892854489473,11.082818
3907049049576708096,186.69334860875546,10.556202886951949,11.409719
3907180372496884480,184.71355387696443,10.626692585504788,9.712256
3907209234677163392,185.18938037516344,10.764111437806836,10.622473
3907699513783924736,187.56260412334538,12.19235364768683,10.926954
3907872613852996864,187.06989531409067,12.344543596665032,9.3417425
3908176804910310144,185.3642726978903,11.818277003226719,10.434247
3908695946196694144,185.69207742900684,13.047846755471102,11.951102
3908764322075883520,186.66851423037448,13.310418284638644,9.583829
3909072254051947904,185.1405587342902,13.750876699285353,9.569132
3909076995695843584,185.01995840385192,13.855001770132343,6.7024393
3928637788589314688,188.64329066726276,12.01527114064577,11.70771
3928654762300119296,189.28614619716365,12.182094560409059,8.817874
3932178624052027136,188.45873466099485,14.118744907371067,11.782225
3932556856052319616,189.5078433410019,14.741509889645503,11.796301
3932844107760307200,186.62778076066692,13.720266260874494,11.162014
3932970070561295488,187.8603102675891,14.57427986878992,9.223768
3933333527873566208,188.52551943813128,14.563980264565805,11.721909
3904339303170074112,189.15355389910792,11.39006977504809,11.976331
3904515774786312960,188.7964891899926,11.173992268748812,11.004179
3904527697615028736,188.9882539096773,11.404911416630169,9.041328
3904530961790679552,188.9846767014606,11.468146309514047,9.971464
3907079865966266752,186.58255498313693,10.934026342813114,11.986383
3907130172918988416,186.59229213884,11.072817703816554,11.528067
3907225246315189504,184.6505232480262,10.58482657684523,10.838461
3907352720944416640,185.7593997507646,11.40377737126725,9.179531
3907361512741889024,185.93522206912763,11.55169893356072,11.937198
3907450508759875200,187.13559265568324,11.131844443955034,11.774084
3907465249087614976,187.15229706935332,11.288955827678011,11.218889
3907549842763771776,187.0341831923172,11.696540481599609,10.231254
3907626671138649088,188.15840385832013,12.05403720008261,11.07387
3907745521473431424,186.30645164480694,11.836736218537892,11.433114
3907864234369535360,186.91553766049395,12.219006608279841,9.016741
3907945495150761088,186.8782002476181,12.75245206959485,10.256619
3907949034203787008,186.6261692460271,12.658578137164255,10.880481
3908260333434255488,185.08129001787125,12.34787942631492,11.54972
3908459551197123328,184.5932147287863,12.468587465044893,9.906669
3908487794902052096,184.51647841651047,12.80997468706812,11.100583
3908565928946715008,185.5408318868584,12.113227085993435,11.8066225
3908577920495707136,185.85146958369813,12.43087888880617,10.481895
3908587438142909696,185.44420843510443,12.428316094381264,11.481851
3908868329004997120,184.7223792725668,12.998934413821658,10.478929
3909010337803477504,185.63141745478282,13.589700534527816,10.89185
3920997488446835328,184.73598045804889,13.914951031443856,10.862651
3921170691591853056,184.83416295686447,14.541417843704286,6.1946445
3928580064228901760,189.16767663542288,11.938408719379435,9.861397
3928679157714341120,189.1816431897817,12.409453702932097,11.7760935
3928776636291352320,189.32918340970693,12.57979784981881,11.828341
3931682301926912000,188.7199270155345,12.458884473518598,8.74374
3931780914375988992,188.36200567758698,13.149071212643195,11.417085
3931791668974319744,189.15250856899314,12.907835154099288,10.505502
3931953022305521024,187.82150984198736,13.076211785291816,11.802819
3932008204045583616,187.5367752414406,13.23343888177076,10.580526
3932775319564129408,186.99395435160284,13.445484528143703,10.017488
3933081499193175552,186.26600519935084,14.325318328096175,11.619214
3904012679497034624,186.53249816163012,10.281477111706744,11.704764
3904438014402995200,187.40254598046374,10.921917466274017,11.827605
3904464475696769280,187.53410569292555,11.065549393045668,11.242846
3905661156665443840,184.50102713620885,10.147149655183032,11.557046
3907288571313018624,184.98720528633604,11.22408766756009,11.962026
3907596537648059392,187.63074852205702,11.692271971393934,11.710133
3907643060733826432,188.07648249205417,12.17318887274065,11.76877
3907713463837675392,187.70375684867548,12.486667996179742,8.413621
3908727935112893824,186.09072502901898,13.02795898821122,10.743364
3908860082667493248,185.11215221988223,13.034894059254778,10.639019
3909025730966289920,185.99068523049206,13.745691470520942,10.717951
3931699756674230272,188.53252207909006,12.585061174620225,10.124626
3931897840565629568,189.28837724528287,13.42614186902579,10.846006
3931907289493655040,188.98908124294735,13.490205538452708,9.869874
3932003462401411840,187.52457024119886,13.129145554300155,11.564968
3932558028578547456,188.84059365638345,14.249244406128168,10.149747
3932857473698526592,186.47088967625533,13.770188936191154,9.6834345
3932868949851154688,186.72157824659124,14.043642577432738,8.613998
3932972544462507392,188.09427476591972,14.598876156540502,11.07103
3933009618620473984,187.44488019272163,14.65022521143984,6.8986373
3903426536720377344,189.47193924759384,10.002437916158579,9.531554
3903902900133460864,186.1973423697746,9.867820833212416,10.856908
3903942001515244928,186.88741928936602,9.961759408579136,11.506444
3904140119766708736,188.36907862519462,10.19444700182133,9.95202
3904412558132104448,187.53322433956617,10.637254019787708,11.545751
3904416681300691200,187.38042737441825,10.693821295316685,11.580715
3905444140557385600,185.03340137342397,9.892516423216078,7.1495256
3905458571647475712,184.91748308990864,10.024397399376333,8.6428
3906946004721266688,185.41268599878043,10.054441735679106,11.095996
3907144294771411712,186.11721403671174,11.168044783197283,8.929374
3907342103785290112,186.27132983204828,11.43718015545476,11.489154
3907377872272874752,185.49644399664695,11.443403588154313,11.657754
3907520980583222912,186.79389651296796,11.440355932262936,11.039833
3907601210572444032,187.60542136186393,11.781952501020147,11.999867
3907612824164078976,188.07569178520345,11.790546543916609,10.6811695
3907637494456207360,187.9137465518761,12.12787075913338,8.011124
3907751465708171392,186.27102167989912,11.937503657105887,9.670484
3908186043383873152,185.57837382530346,11.99167204124868,11.985758
3908473123294063872,184.7469510314149,12.74206200730397,10.640639
3908598566402130304,185.99158870090125,12.441560225592006,11.36617
3908735769133270528,186.32756390614057,13.159558918090426,9.949671
3909122797227490048,185.62807260725035,14.393973431571547,10.453518
3921142417823421184,185.15711809661556,14.431039066296687,11.225513
3931730783517674880,187.88064054321492,12.52029374488561,11.33972
3931979685462502016,188.056836783894,13.246736050672508,11.331406
3931991608291720192,188.00706194566095,13.423554953317355,10.79664
3932126122371803904,188.61632568630873,13.993164005991577,11.932255
3932563697935360384,188.6756097251494,14.374040820070922,10.72341
3933174614084117760,186.10971458187285,14.735920263942345,11.717874
3933174717163635840,186.13743266435978,14.725046098750086,11.335205
3903765770417094016,187.5389190373759,9.936327008031755,10.942967
3904437468942407936,187.3425700795256,10.884820858596836,11.8041
3904599848770606208,188.57158192596586,11.722204362372276,11.883494
3905651192341331840,184.69769517130916,10.103807129378506,9.164753
3907008539445111808,185.69954555550143,10.669114346647413,11.9534235
3907154293455504768,184.95165472335086,10.229110813705553,11.604619
3907168484027432064,184.97787772523947,10.484227624231062,8.264455
3907430923708925952,185.738179571926,11.920153259304984,11.163637
3907732838434218624,186.47849134300898,11.759768886893454,10.975779
3907807231563497728,185.796844818223,12.011387795985124,11.647255
3908068193777319424,184.49047902662434,11.63689748797784,11.7186
3908643444516457344,185.57954291269473,12.601481179855814,11.601222
3908721200604193664,186.1346791018473,12.874938665247798,9.887933
3908793214319987200,185.9567924537156,13.26442677728501,10.962954
3908930898088194304,184.73126451443898,13.377504193456854,11.2814
3921165267049370624,184.5430185042036,14.38010970543294,11.770536
3931759748777206272,188.77743529320045,12.938992800377877,9.073183
3932067268435728896,188.50682062811356,13.369088758696565,10.770587
3932163544422339584,188.09510397206003,14.002915698590638,11.944853
3932523497041532928,189.4342881206053,14.247585463475993,11.694449
3932550572514921344,189.50116875520303,14.616069639719694,10.404538
3932572837625790592,189.0022875025985,14.518076804812207,11.800732
3932775766240729344,187.09602501397933,13.487413665879055,10.692176
3932934783109944064,187.48900615833864,14.254094362974811,11.71724
3933113007073286272,186.62448143717677,14.571973890347971,7.765986
3903906164308606464,186.06211106578877,9.960258503552351,11.657988
3903961552206417536,187.53238764933238,10.098432967808536,10.258067
3904232891060359808,189.1186039635796,10.729727472826116,8.576872
3904242030750787712,189.44086000319703,10.750012169692022,11.610485
3906899412916063232,185.5925314792849,9.94259897807223,8.24296
3907040219123906944,186.32214443259997,10.551086060591127,10.609634
3907060834966973184,186.91291129899415,10.797577350925664,11.077357
3907093236200210688,186.19544809162764,10.716825183729158,9.050441
3907186621673718656,184.84354490250118,10.6779340310521,10.689194
3907231740305745792,184.59686113672984,10.7139372675753,11.115158
3907361654476398080,185.95852853788872,11.577724101195361,11.26809
3907498096996960128,187.38456121501076,11.492668949455162,8.410943
3907948656246663808,186.63566074568152,12.633441114686384,11.757045
3907980954400766464,187.19951723078898,13.087835261291454,9.285331
3908214085226333824,184.4888768808723,11.80402198927258,8.5790415
3908592420305289216,185.53819478453244,12.429963171973714,10.539186
3908678491449638528,185.8890914217632,12.906055837296917,11.848717
3920989276469351552,184.61657084057325,13.815301004997034,10.383923
3931749406495921664,188.36464456380597,12.702272645988224,11.930004
3931785278062718976,189.1345902807111,12.75924784974583,9.725106
3932506454610744960,188.94770150343717,14.132211062986482,10.794177
3932896506361333888,186.82386297086038,14.146711028984342,11.268151
3932898911543015808,186.9218246156695,14.258588483035362,9.475396
3903318372263850368,188.7509128903155,9.827071562345218,10.452762
3903432618394054656,189.44008072809913,10.128759016107985,11.57221
3903769446909132032,187.75831743682232,10.007799514416964,11.928435
3903942619990511232,186.82713709176036,9.963996440148094,10.81766
3904222303965514112,188.8823174311321,10.511856911870067,11.95545
3904295219625719552,188.58357856437982,10.920840317832736,7.4994802
3904457638108896640,188.01644690910797,11.13041672679078,11.511967
3904593221636558336,188.4608257731222,11.646372580787443,10.084543
3905647275331139968,184.48141439704906,10.060627603133446,10.313679
3907302521366653312,185.6572204644886,11.051844734382314,11.689715
3907406115977815936,185.53556853012194,11.568272580029788,9.564135
3907768542498198016,186.89456237904295,12.099105320412948,8.012853
3907903576270025344,187.55903304349968,12.588400882651008,11.448329
3908014970542575488,184.44507752467305,11.20424652105164,11.06733
3908538922192710400,184.43413643039784,12.960755152641672,11.045317
3908605030329021440,185.9733166901731,12.579502855351322,9.67621
3908999961162493312,185.81622778148898,13.622135730823071,8.428464
3909000991954645888,185.8100700714516,13.661836731979081,10.438725
3909028995141436928,186.13950479373213,13.784967487460728,11.065724
3921008552282578688,184.61946226017324,13.905839257531312,10.751472
3928553091834298240,189.15898577412796,11.609141935418162,10.53514
3928628099143115392,189.0457121994,12.00040775513882,11.697245
3928681116219455104,189.30294972950077,12.483896720651742,10.767898
3931952163312061056,187.76590927047818,13.059822081826084,11.785211
3931964876415260160,187.97928746600377,13.107035492279026,11.51481
3932168251706497920,188.09983120974493,14.04837360449882,11.54834
3932604551664333568,189.35947902915723,14.749712842417644,11.689394
3903935644963643392,186.89735264549628,9.820648932705884,11.585823
3904070747454983552,188.73003737983777,9.931426067348285,10.683956
3904103938962253312,188.9456355258722,10.17164207564961,11.134136
3904193583519618560,188.4721582270512,10.665455609990483,11.729461
3904324867784543616,189.08764410546934,11.1175572408462,11.858645
3905429949985393152,184.55492202081155,9.868351025178812,8.817532
3907153468821559552,186.28438720657607,11.341603297689286,10.389048
3907270979126998528,185.1620436825242,11.06449252359783,10.145756
3907369041820109696,185.29687300800637,11.283256636609675,10.87951
3907413125364476672,185.90987978760901,11.73878766157373,11.278313
3907569359094853632,187.0616675918237,11.826550411098912,7.4267597
3907665463283146112,187.1765883271254,11.929484457559848,10.441742
3907710470244532608,187.7402428374083,12.471023775204127,11.647365
3907848944285905920,186.15917301547864,12.460357548643518,11.063993
3907875435644241664,186.85855064310655,12.190646183924839,10.145417
3907921095440729344,187.39030596432542,12.734722601986041,11.655505
3907922680284800128,187.51753794586804,12.810302842475602,10.070114
3908010263258438656,184.54807133400257,11.096282356201682,11.693189
3908117293843421440,184.48188710537818,11.777428336088,10.736937
3908150485350704256,185.21474222550924,11.678564911549879,10.206815
3908676464225072896,185.854571834542,12.852964946862391,10.651044
3908885367138410880,185.33139950273895,13.157671909099008,11.54664
3908975943705228416,184.97172631275845,13.654408238081386,10.185719
3932076476845394048,188.76760941084544,13.572232738426994,10.424698
3932829229993060864,187.14073392553996,13.950666871868428,9.090632
3933034254552531584,187.51796602538255,14.744880477212435,11.480599
3933071741027476992,186.2462246438272,14.227122124748412,11.767054
3933095758484633856,186.83267528031985,14.436908567138886,9.731853
3933334318147549696,188.58988594420558,14.64376165527938,8.581856
3933338510035630720,188.49332463090673,14.688590936844207,10.519743
3903977563843984512,187.26431411237118,10.295093942944959,11.6318655
3904226809386944768,189.13524543797934,10.602902781995034,10.8658695
3904345316124142720,187.59676663849677,10.361750592458502,11.792034
3904509486954174080,188.57700600991691,11.266522418502785,11.611779
3904511514178711808,188.413850202642,11.244676610071574,11.025819
3905673560530999296,184.4485678067989,10.370854665674633,11.79429
3906917035166701184,186.12531378339222,10.092518472577202,11.780942
3906936487074077312,186.0686800389771,10.291904599082434,9.475871
3906988610796853888,185.75156122671814,10.448800226698266,9.856779
3907010223072269824,185.48687782047864,10.645801352685849,11.803634
3907042727384831872,186.48438225552937,10.655770386212943,11.0984955
3907574096443215104,186.929354624627,11.929710459111481,11.710558
3907656976427781888,187.47734283182572,11.953656358995943,9.099707
3907660652919827072,187.54845041600686,12.025034973713417,11.245458
3907715353623288192,187.75021190189509,12.543985241444156,11.662775
3907874267413174144,187.24627146770968,12.427812005539455,11.075125
3908149179681041024,185.144708317735,11.676093775699645,10.834223
3908255553134589824,185.12290128628464,12.297001326652163,10.194354
3908578195373326592,185.7906407855227,12.40720547562706,10.801176
3908872692691449088,184.95754391228775,13.065741555542655,11.624572
3908881213905316224,185.38376656027748,13.082934372097306,11.329357
3908930623210310656,184.7513944397348,13.367130188523408,9.094009
3921096581931431168,185.12786867143237,14.0675994073436,11.799729
3928632875146764288,189.0041648075833,12.102005990860755,11.35575
3928651360685977984,188.79025000207636,12.284680306257986,11.92989
3931846919433385728,189.48664410651136,13.377663347515519,10.256946
3931962574312821120,188.15662219161752,13.08739011819131,11.628429
3932023459769119616,187.5104697833746,13.370876728674137,11.891331
3932045587440666752,187.97928978327158,13.623033840679806,10.486385
3932281467044447872,189.38971686662984,13.71443263163052,11.824936
3932550572514921216,189.5007204658615,14.615966074364524,11.801099
3932965363277182080,187.98720381821255,14.48136070784832,11.713764
3933032914523089280,187.6019864806197,14.703162032858076,10.759344
3903846721961284352,186.6823470437601,9.878388868018703,11.805883
3904140188486484224,188.36299007843326,10.193856217390831,10.060672
3904560339366948096,188.29567964556304,11.358903285235337,9.894058
3907027506020732672,186.43154850458274,10.504434083501708,11.517793
3907266581080458368,184.90325406496723,10.990788483042909,10.020281
3907436318187925888,187.09108538169693,10.874245087049637,11.0978565
3907468307104328960,186.96586132218175,11.317422142162043,8.958011
3907596537648059136,187.6304004548873,11.691579795463761,10.768964
3907649073687990144,187.48723217605007,11.827221688298541,9.161686
3907689068423463552,187.78341955204522,12.227593759780637,11.712126
3907795171295344256,185.92715506081606,11.92047978319666,8.622603
3908538956552449024,184.43266397523337,12.968244343110829,11.512742
3908688215255528192,185.51867618943274,12.951337860116487,11.721246
3908825791647774464,186.13137882081875,13.455761112722143,11.623321
3908991916687068160,185.56638455931412,13.496102643924665,10.983894
3909044044706827904,185.8227118679572,13.953515730347048,9.974493
3909121972593398784,185.5500032641677,14.370661616591155,10.040435
3928361639371914496,189.497253453587,11.444015364539071,10.093956
3932175845208697856,188.30470248518358,13.99904861518133,9.420042
3933070263559006848,186.28123195331725,14.151829267308262,10.696092
3933131080295617024,186.15877756045745,14.450261337760207,11.195607
3904238251179563008,189.40989266299337,10.584172660659247,7.114936
3904325280101404160,189.03631345566737,11.115170012954447,11.244522
3904588892309523840,188.58824308576436,11.587601137695124,11.657504
3907039905590883840,186.33371837171472,10.533853392211903,11.93516
3907320354070841344,185.4393736879479,11.182134901110302,9.402031
3907377425596274816,185.48634216144686,11.391986736494552,11.761978
3907410995060695296,185.8046062268409,11.66769512854647,11.475368
3907431610903668224,185.5119356812586,11.847934807886162,9.796849
3907558810655168768,186.86505221632692,11.578247735235411,10.576723
3907635226713472000,187.83230468186318,12.038178872959005,11.775208
3907643060734192896,188.06634102707704,12.179295644163005,10.503898
3907644675641898368,188.10706102493023,12.208892745585079,10.167534
3907678588703207552,187.33248076647845,12.206208464591631,10.871123
3907798607269213440,186.2607529496016,11.971071415413189,11.94242
3907882891707445248,186.88852582034752,12.404799284848295,11.786038
3908188349782394496,185.40489675519865,12.019199211738156,10.888699
3908862694007903616,184.75750841826448,12.918341875422547,10.322024
3908930279612902784,184.70041236866118,13.329308008042918,11.895972
3909040883610897664,185.88619742935725,13.922548690527389,8.946734
3928602054461485312,189.42306300155968,12.009860858264602,11.619468
3931729202969735296,188.30452198785102,12.724286736511676,11.586204
3931888803954434816,189.1511343033517,13.26770919359171,11.963353
3932124855357008640,188.6748802622551,13.94947516717991,10.340469
3933060539751855488,186.53412398633972,14.142501209182457,11.679
3933162038419890304,186.33826510826592,14.651124231492295,10.012513
3933204369617166464,187.174421879301,14.763879254769922,11.933375
3903282500697061376,189.5161049504803,9.813476787636294,8.865442
3904342082013479808,187.8091458218409,10.327876726966503,9.559707
3904349782890166912,187.85935237205067,10.447205853591745,10.50641
3904525292433850624,188.91110613036395,11.326081674001228,9.20657
3904528213011891456,189.0726677285057,11.47048017936498,11.902829
3904565493327671424,188.1987972252774,11.45056728733024,11.514413
3906960779408744576,185.1145089078054,10.072519173329262,10.002421
3906974519008774400,185.24388171306364,10.341074111998667,11.912573
3907018675567967616,186.27091816415827,10.354106401805186,11.189453
3907085642698284288,185.99340412754358,10.618653782880312,11.406701
3907110416069373056,185.99864611616493,10.848668069473867,10.985254
3907160821806094592,184.91203481786496,10.378319821294534,10.69236
3907283967108054528,184.74174734459442,11.126952372027485,11.926109
3907334613362313216,185.912426008616,11.216738629575461,11.710893
3907351483994115712,185.8456821977682,11.442231893329435,10.11558
3907410307865928192,185.84358869193284,11.665616609861258,10.470125
3907556439833541504,187.12560162792,11.767430395301012,9.711304
3907666249262394880,187.18619281061612,11.97865367401726,11.960683
3907783523344108928,186.598977932728,12.164071276175088,10.7228985
3907834513195853056,186.62753441995764,12.33349609758374,11.433436
3907869835006923008,187.35105633838387,12.34168805053222,11.417737
3908201818799835904,185.30264086734775,12.113668453091455,10.350389
3908600254325386624,186.04579498965222,12.496198585979643,11.776104
3908809367692859136,186.3013875889236,13.34740730621489,11.163219
3908816785100511360,186.5321293629704,13.437068524633078,11.525127
3908905952918198528,185.20339333249632,13.310814675069215,9.596244
3909025937124720256,185.97260676521267,13.754528231161379,11.376415
3921142417823421312,185.1640990542432,14.429846102235638,10.926843
3931695874023569536,188.6412141018148,12.544950703228192,11.619689
3931709308681278976,188.72663487068007,12.789787419404464,11.285902
3931790947419551872,189.10470008769266,12.840227098937474,10.255336
3932088021717416960,188.15237374923163,13.57059005861149,11.951418
3932140248519739776,188.06113002747918,13.716010268524055,11.353054
3932949592157265280,188.0108229477457,14.328099536377328,11.6391945
3933004563443545472,187.20898928767284,14.552552536637855,11.787155
3903776078338641024,187.77395820869162,10.158421761704846,11.472009
3903952859192607488,187.37573597509123,9.948701947367793,11.793205
3904145441230877824,188.2617672255969,10.295688354336658,6.056578
3904167710636623104,188.49930579826577,10.401320343119806,11.231111
3904380912813135360,187.97515838548873,10.675245237892106,9.951852
3905459117107932416,185.00897701247675,10.016879818928546,11.745251
3907107804728529280,185.69148669589623,10.854946899658291,11.212352
3907301215695980416,185.5201355574477,10.992424261148756,11.822528
3907377631754705280,185.47349747770892,11.402068723009622,11.296663
3907504934585461504,187.35343600236772,11.62171192362626,11.163206
3907599252066545152,187.4798389704756,11.72511728149765,11.340798
3907672403950299776,187.14347206486582,12.117336818390148,7.7016807
3907714838227615488,187.62822310691794,12.538679217373723,11.002988
3907750297477067008,186.33650989770362,11.909773327673271,8.695246
3907886396400792960,187.03055844914348,12.473778574638665,10.805125
3908055411954642816,184.49602338225242,11.457035768453519,11.177936
3908164950800493568,184.6788391313416,11.796069965829915,9.33821
3908164980863672448,184.67543424242174,11.808147479487197,11.775148
3908789576483532544,186.11834803490302,13.348368155114157,11.403009
3908860117027206784,185.08847554911443,13.03548457471747,11.073985
3908880080035225856,185.29424192009873,13.06222161362808,11.177688
3921133067678343168,185.42863044379692,14.435728428341115,10.920616
3928679157714341248,189.18025304120135,12.41017144794859,11.256348
3931811082226240256,189.0732398239166,13.02509840862084,10.094983
3931970717570816768,188.40015276593985,13.223868229142509,11.710101
3932008410204013440,187.47745537772815,13.24893722033324,10.913887
3932770131243634176,187.0234783471857,13.35169062876406,11.965098
3932828542798874112,187.27363731809726,13.950352018392055,7.996869
3933063254172119296,186.42207108682217,14.135468397041308,11.533939
3933117611278209024,186.60967079422457,14.661365697553162,11.870155
3933349264633691136,188.2232443524166,14.673315585656686,9.832475
3945160390338717696,185.61885779665317,14.698960096005715,11.3303585
