center_RA,center_DEC,center_RA_current,center_DEC_current,g_star,g_gal,galaxies,P_raw,P_norm,klasa
22h17m12.0s,+41d00m00.0s,22h18m20.3s,+41d07m59.8s,114,2,NGC  7248; NGC  7250,456,3.4029850746268657,none
22h17m02.5s,+40d30m00.0s,22h18m11.0s,+40d37m59.7s,103,2,NGC  7248; NGC  7250,412,3.074626865671642,none
22h19m51.0s,+41d00m00.0s,22h20m59.6s,+41d08m02.5s,118,1,NGC  7250,118,0.8805970149253731,none
22h19m40.3s,+40d30m00.0s,22h20m49.1s,+40d38m02.3s,112,1,NGC  7250,112,0.835820895522388,none
22h42m00.0s,+38d30m00.0s,22h43m12.2s,+38d38m21.8s,108,1,A   2237+37,108,0.8059701492537313,none
22h14m24.7s,+40d30m00.0s,22h15m32.9s,+40d37m57.0s,106,1,NGC  7248,106,0.7910447761194029,none
22h39m26.7s,+38d30m00.0s,22h40m38.6s,+38d38m19.8s,104,1,A   2237+37,104,0.7761194029850746,none
22h14m33.0s,+41d00m00.0s,22h15m41.0s,+41d07m57.1s,99,1,NGC  7248,99,0.7388059701492538,none
22h39m08.8s,+38d00m00.0s,22h40m20.9s,+38d08m19.6s,94,1,A   2237+37,94,0.7014925373134329,none
22h20m52.8s,+36d30m00.0s,22h22m03.4s,+36d38m03.5s,91,1,NGC  7265,91,0.6791044776119403,none
22h23m22.1s,+36d30m00.0s,22h24m33.0s,+36d38m05.8s,87,1,NGC  7265,87,0.6492537313432836,none
22h41m41.1s,+38d00m00.0s,22h42m53.5s,+38d08m21.6s,84,1,A   2237+37,84,0.6268656716417911,none
22h20m43.3s,+36d00m00.0s,22h21m54.1s,+36d08m03.3s,81,1,NGC  7265,81,0.6044776119402985,none
22h23m11.6s,+36d00m00.0s,22h24m22.7s,+36d08m05.7s,80,1,NGC  7265,80,0.5970149253731343,none
22h10m50.0s,+36d00m00.0s,22h11m59.8s,+36d07m53.3s,83,0,,0,0.0,none
22h55m16.6s,+55d00m00.0s,22h56m24.2s,+55d08m31.2s,138,0,,0,0.0,none
22h50m23.2s,+36d00m00.0s,22h51m37.2s,+36d08m27.9s,71,0,,0,0.0,none
22h31m45.9s,+56d00m00.0s,22h32m47.9s,+56d08m13.4s,167,0,,0,0.0,none
22h28m11.4s,+56d00m00.0s,22h29m12.5s,+56d08m10.2s,179,0,,0,0.0,none
22h05m53.3s,+36d00m00.0s,22h07m02.6s,+36d07m47.9s,46,0,,0,0.0,none
22h15m46.6s,+36d00m00.0s,22h16m57.0s,+36d07m58.4s,84,0,,0,0.0,none
22h18m15.0s,+36d00m00.0s,22h19m25.5s,+36d08m00.9s,87,0,,0,0.0,none
22h25m39.9s,+36d00m00.0s,22h26m51.3s,+36d08m08.0s,78,0,,0,0.0,none
22h28m08.3s,+36d00m00.0s,22h29m19.9s,+36d08m10.3s,68,0,,0,0.0,none
22h30m36.6s,+36d00m00.0s,22h31m48.4s,+36d08m12.5s,72,0,,0,0.0,none
22h33m04.9s,+36d00m00.0s,22h34m17.0s,+36d08m14.6s,77,0,,0,0.0,none
22h35m33.3s,+36d00m00.0s,22h36m45.6s,+36d08m16.7s,77,0,,0,0.0,none
22h38m01.6s,+36d00m00.0s,22h39m14.2s,+36d08m18.7s,71,0,,0,0.0,none
22h40m29.9s,+36d00m00.0s,22h41m42.8s,+36d08m20.7s,61,0,,0,0.0,none
22h42m58.2s,+36d00m00.0s,22h44m11.4s,+36d08m22.6s,64,0,,0,0.0,none
22h45m26.6s,+36d00m00.0s,22h46m40.0s,+36d08m24.4s,75,0,,0,0.0,none
22h47m54.9s,+36d00m00.0s,22h49m08.6s,+36d08m26.2s,80,0,,0,0.0,none
22h53m58.7s,+56d30m00.0s,22h55m05.1s,+56d38m30.3s,204,0,,0,0.0,none
22h52m51.5s,+36d00m00.0s,22h54m05.8s,+36d08m29.6s,54,0,,0,0.0,none
22h55m19.9s,+36d00m00.0s,22h56m34.4s,+36d08m31.2s,68,0,,0,0.0,none
22h05m57.1s,+36d30m00.0s,22h07m06.2s,+36d37m48.0s,87,0,,0,0.0,none
22h08m26.4s,+36d30m00.0s,22h09m35.8s,+36d37m50.7s,103,0,,0,0.0,none
22h10m55.7s,+36d30m00.0s,22h12m05.3s,+36d37m53.4s,99,0,,0,0.0,none
22h13m25.0s,+36d30m00.0s,22h14m34.8s,+36d37m56.0s,102,0,,0,0.0,none
22h15m54.2s,+36d30m00.0s,22h17m04.4s,+36d37m58.5s,90,0,,0,0.0,none
22h18m23.5s,+36d30m00.0s,22h19m33.9s,+36d38m01.0s,86,0,,0,0.0,none
22h25m51.4s,+36d30m00.0s,22h27m02.5s,+36d38m08.2s,92,0,,0,0.0,none
22h28m20.6s,+36d30m00.0s,22h29m32.1s,+36d38m10.4s,103,0,,0,0.0,none
22h30m49.9s,+36d30m00.0s,22h32m01.6s,+36d38m12.6s,91,0,,0,0.0,none
22h33m19.2s,+36d30m00.0s,22h34m31.2s,+36d38m14.8s,93,0,,0,0.0,none
22h35m48.5s,+36d30m00.0s,22h37m00.7s,+36d38m16.9s,93,0,,0,0.0,none
22h38m17.8s,+36d30m00.0s,22h39m30.3s,+36d38m18.9s,76,0,,0,0.0,none
22h40m47.0s,+36d30m00.0s,22h41m59.8s,+36d38m20.9s,70,0,,0,0.0,none
22h43m16.3s,+36d30m00.0s,22h44m29.4s,+36d38m22.8s,80,0,,0,0.0,none
22h45m45.6s,+36d30m00.0s,22h46m58.9s,+36d38m24.7s,80,0,,0,0.0,none
22h48m14.9s,+36d30m00.0s,22h49m28.5s,+36d38m26.5s,86,0,,0,0.0,none
22h50m44.2s,+36d30m00.0s,22h51m58.0s,+36d38m28.2s,88,0,,0,0.0,none
22h53m13.4s,+36d30m00.0s,22h54m27.6s,+36d38m29.9s,82,0,,0,0.0,none
22h55m42.7s,+36d30m00.0s,22h56m57.1s,+36d38m31.5s,76,0,,0,0.0,none
21h58m30.3s,+37d00m00.0s,21h59m38.4s,+37d07m39.5s,61,0,,0,0.0,none
22h01m00.5s,+37d00m00.0s,22h02m08.9s,+37d07m42.4s,104,0,,0,0.0,none
22h03m30.8s,+37d00m00.0s,22h04m39.4s,+37d07m45.3s,110,0,,0,0.0,none
22h06m01.0s,+37d00m00.0s,22h07m09.9s,+37d07m48.1s,117,0,,0,0.0,none
22h08m31.3s,+37d00m00.0s,22h09m40.4s,+37d07m50.8s,110,0,,0,0.0,none
22h11m01.5s,+37d00m00.0s,22h12m10.9s,+37d07m53.5s,101,0,,0,0.0,none
22h13m31.8s,+37d00m00.0s,22h14m41.5s,+37d07m56.1s,100,0,,0,0.0,none
22h16m02.1s,+37d00m00.0s,22h17m12.0s,+37d07m58.7s,91,0,,0,0.0,none
22h18m32.3s,+37d00m00.0s,22h19m42.5s,+37d08m01.2s,95,0,,0,0.0,none
22h21m02.6s,+37d00m00.0s,22h22m13.0s,+37d08m03.6s,94,0,,0,0.0,none
22h23m32.8s,+37d00m00.0s,22h24m43.5s,+37d08m06.0s,84,0,,0,0.0,none
22h26m03.1s,+37d00m00.0s,22h27m14.1s,+37d08m08.4s,89,0,,0,0.0,none
22h28m33.3s,+37d00m00.0s,22h29m44.6s,+37d08m10.6s,108,0,,0,0.0,none
22h31m03.6s,+37d00m00.0s,22h32m15.1s,+37d08m12.8s,100,0,,0,0.0,none
22h33m33.8s,+37d00m00.0s,22h34m45.7s,+37d08m15.0s,84,0,,0,0.0,none
22h36m04.1s,+37d00m00.0s,22h37m16.2s,+37d08m17.1s,90,0,,0,0.0,none
22h38m34.4s,+37d00m00.0s,22h39m46.7s,+37d08m19.1s,85,0,,0,0.0,none
22h41m04.6s,+37d00m00.0s,22h42m17.2s,+37d08m21.1s,86,0,,0,0.0,none
22h43m34.9s,+37d00m00.0s,22h44m47.8s,+37d08m23.0s,99,0,,0,0.0,none
22h46m05.1s,+37d00m00.0s,22h47m18.3s,+37d08m24.9s,78,0,,0,0.0,none
22h48m35.4s,+37d00m00.0s,22h49m48.8s,+37d08m26.7s,64,0,,0,0.0,none
22h51m05.6s,+37d00m00.0s,22h52m19.4s,+37d08m28.4s,74,0,,0,0.0,none
22h53m35.9s,+37d00m00.0s,22h54m49.9s,+37d08m30.1s,89,0,,0,0.0,none
22h56m06.2s,+37d00m00.0s,22h57m20.5s,+37d08m31.7s,78,0,,0,0.0,none
21h58m31.3s,+37d30m00.0s,21h59m39.1s,+37d37m39.6s,86,0,,0,0.0,none
22h01m02.5s,+37d30m00.0s,22h02m10.7s,+37d37m42.5s,128,0,,0,0.0,none
22h03m33.8s,+37d30m00.0s,22h04m42.2s,+37d37m45.3s,124,0,,0,0.0,none
22h06m05.0s,+37d30m00.0s,22h07m13.7s,+37d37m48.1s,131,0,,0,0.0,none
22h08m36.3s,+37d30m00.0s,22h09m45.2s,+37d37m50.9s,109,0,,0,0.0,none
22h11m07.5s,+37d30m00.0s,22h12m16.7s,+37d37m53.6s,94,0,,0,0.0,none
22h13m38.8s,+37d30m00.0s,22h14m48.3s,+37d37m56.2s,106,0,,0,0.0,none
22h16m10.1s,+37d30m00.0s,22h17m19.8s,+37d37m58.8s,105,0,,0,0.0,none
22h18m41.3s,+37d30m00.0s,22h19m51.3s,+37d38m01.3s,92,0,,0,0.0,none
22h21m12.6s,+37d30m00.0s,22h22m22.8s,+37d38m03.8s,93,0,,0,0.0,none
22h23m43.8s,+37d30m00.0s,22h24m54.4s,+37d38m06.2s,99,0,,0,0.0,none
22h26m15.1s,+37d30m00.0s,22h27m25.9s,+37d38m08.5s,82,0,,0,0.0,none
22h28m46.3s,+37d30m00.0s,22h29m57.4s,+37d38m10.8s,88,0,,0,0.0,none
22h31m17.6s,+37d30m00.0s,22h32m29.0s,+37d38m13.0s,109,0,,0,0.0,none
22h33m48.9s,+37d30m00.0s,22h35m00.5s,+37d38m15.2s,100,0,,0,0.0,none
22h36m20.1s,+37d30m00.0s,22h37m32.0s,+37d38m17.3s,103,0,,0,0.0,none
22h38m51.4s,+37d30m00.0s,22h40m03.6s,+37d38m19.4s,111,0,,0,0.0,none
22h41m22.6s,+37d30m00.0s,22h42m35.1s,+37d38m21.3s,103,0,,0,0.0,none
22h43m53.9s,+37d30m00.0s,22h45m06.7s,+37d38m23.3s,98,0,,0,0.0,none
22h46m25.1s,+37d30m00.0s,22h47m38.2s,+37d38m25.1s,79,0,,0,0.0,none
22h48m56.4s,+37d30m00.0s,22h50m09.7s,+37d38m26.9s,69,0,,0,0.0,none
22h51m27.6s,+37d30m00.0s,22h52m41.3s,+37d38m28.7s,80,0,,0,0.0,none
22h53m58.9s,+37d30m00.0s,22h55m12.8s,+37d38m30.4s,85,0,,0,0.0,none
22h56m30.2s,+37d30m00.0s,22h57m44.4s,+37d38m32.0s,58,0,,0,0.0,none
21h58m32.3s,+38d00m00.0s,21h59m39.9s,+38d07m39.6s,85,0,,0,0.0,none
22h01m04.6s,+38d00m00.0s,22h02m12.5s,+38d07m42.5s,133,0,,0,0.0,none
22h03m36.8s,+38d00m00.0s,22h04m45.0s,+38d07m45.4s,133,0,,0,0.0,none
22h06m09.1s,+38d00m00.0s,22h07m17.6s,+38d07m48.2s,135,0,,0,0.0,none
22h08m41.4s,+38d00m00.0s,22h09m50.1s,+38d07m51.0s,125,0,,0,0.0,none
22h11m13.7s,+38d00m00.0s,22h12m22.7s,+38d07m53.7s,113,0,,0,0.0,none
22h13m46.0s,+38d00m00.0s,22h14m55.2s,+38d07m56.3s,120,0,,0,0.0,none
22h16m18.3s,+38d00m00.0s,22h17m27.8s,+38d07m58.9s,117,0,,0,0.0,none
22h18m50.5s,+38d00m00.0s,22h20m00.3s,+38d08m01.5s,95,0,,0,0.0,none
22h21m22.8s,+38d00m00.0s,22h22m32.9s,+38d08m03.9s,103,0,,0,0.0,none
22h23m55.1s,+38d00m00.0s,22h25m05.5s,+38d08m06.4s,114,0,,0,0.0,none
22h26m27.4s,+38d00m00.0s,22h27m38.0s,+38d08m08.7s,82,0,,0,0.0,none
22h28m59.7s,+38d00m00.0s,22h30m10.6s,+38d08m11.0s,71,0,,0,0.0,none
22h31m32.0s,+38d00m00.0s,22h32m43.2s,+38d08m13.3s,90,0,,0,0.0,none
22h34m04.2s,+38d00m00.0s,22h35m15.7s,+38d08m15.4s,108,0,,0,0.0,none
22h36m36.5s,+38d00m00.0s,22h37m48.3s,+38d08m17.5s,111,0,,0,0.0,none
22h44m13.4s,+38d00m00.0s,22h45m26.0s,+38d08m23.5s,78,0,,0,0.0,none
22h46m45.6s,+38d00m00.0s,22h47m58.6s,+38d08m25.4s,87,0,,0,0.0,none
22h49m17.9s,+38d00m00.0s,22h50m31.2s,+38d08m27.2s,94,0,,0,0.0,none
22h51m50.2s,+38d00m00.0s,22h53m03.7s,+38d08m28.9s,83,0,,0,0.0,none
22h54m22.5s,+38d00m00.0s,22h55m36.3s,+38d08m30.6s,73,0,,0,0.0,none
22h56m54.8s,+38d00m00.0s,22h58m08.9s,+38d08m32.2s,44,0,,0,0.0,none
21h58m33.3s,+38d30m00.0s,21h59m40.7s,+38d37m39.6s,83,0,,0,0.0,none
22h01m06.7s,+38d30m00.0s,22h02m14.3s,+38d37m42.5s,118,0,,0,0.0,none
22h03m40.0s,+38d30m00.0s,22h04m47.9s,+38d37m45.4s,129,0,,0,0.0,none
22h06m13.3s,+38d30m00.0s,22h07m21.5s,+38d37m48.3s,140,0,,0,0.0,none
22h08m46.7s,+38d30m00.0s,22h09m55.2s,+38d37m51.1s,126,0,,0,0.0,none
22h11m20.0s,+38d30m00.0s,22h12m28.8s,+38d37m53.8s,123,0,,0,0.0,none
22h13m53.3s,+38d30m00.0s,22h15m02.4s,+38d37m56.5s,123,0,,0,0.0,none
22h16m26.7s,+38d30m00.0s,22h17m36.0s,+38d37m59.1s,105,0,,0,0.0,none
22h19m00.0s,+38d30m00.0s,22h20m09.6s,+38d38m01.6s,97,0,,0,0.0,none
22h21m33.3s,+38d30m00.0s,22h22m43.2s,+38d38m04.1s,101,0,,0,0.0,none
22h24m06.7s,+38d30m00.0s,22h25m16.9s,+38d38m06.5s,100,0,,0,0.0,none
22h26m40.0s,+38d30m00.0s,22h27m50.5s,+38d38m08.9s,92,0,,0,0.0,none
22h29m13.3s,+38d30m00.0s,22h30m24.1s,+38d38m11.2s,78,0,,0,0.0,none
22h31m46.7s,+38d30m00.0s,22h32m57.7s,+38d38m13.5s,85,0,,0,0.0,none
22h34m20.0s,+38d30m00.0s,22h35m31.4s,+38d38m15.6s,99,0,,0,0.0,none
22h36m53.3s,+38d30m00.0s,22h38m05.0s,+38d38m17.8s,100,0,,0,0.0,none
22h44m33.3s,+38d30m00.0s,22h45m45.9s,+38d38m23.8s,106,0,,0,0.0,none
22h47m06.7s,+38d30m00.0s,22h48m19.5s,+38d38m25.6s,117,0,,0,0.0,none
22h49m40.0s,+38d30m00.0s,22h50m53.1s,+38d38m27.4s,95,0,,0,0.0,none
22h52m13.3s,+38d30m00.0s,22h53m26.8s,+38d38m29.2s,72,0,,0,0.0,none
22h54m46.7s,+38d30m00.0s,22h56m00.4s,+38d38m30.9s,77,0,,0,0.0,none
22h57m20.0s,+38d30m00.0s,22h58m34.0s,+38d38m32.5s,46,0,,0,0.0,none
21h58m34.4s,+39d00m00.0s,21h59m41.5s,+39d07m39.6s,93,0,,0,0.0,none
22h01m08.8s,+39d00m00.0s,22h02m16.2s,+39d07m42.6s,126,0,,0,0.0,none
22h03m43.2s,+39d00m00.0s,22h04m50.9s,+39d07m45.5s,120,0,,0,0.0,none
22h06m17.6s,+39d00m00.0s,22h07m25.6s,+39d07m48.4s,117,0,,0,0.0,none
22h08m52.1s,+39d00m00.0s,22h10m00.3s,+39d07m51.2s,104,0,,0,0.0,none
22h11m26.5s,+39d00m00.0s,22h12m35.0s,+39d07m53.9s,106,0,,0,0.0,none
22h14m00.9s,+39d00m00.0s,22h15m09.7s,+39d07m56.6s,104,0,,0,0.0,none
22h16m35.3s,+39d00m00.0s,22h17m44.4s,+39d07m59.2s,105,0,,0,0.0,none
22h19m09.7s,+39d00m00.0s,22h20m19.1s,+39d08m01.8s,100,0,,0,0.0,none
22h21m44.1s,+39d00m00.0s,22h22m53.8s,+39d08m04.3s,88,0,,0,0.0,none
22h24m18.5s,+39d00m00.0s,22h25m28.5s,+39d08m06.7s,98,0,,0,0.0,none
22h26m52.9s,+39d00m00.0s,22h28m03.2s,+39d08m09.1s,102,0,,0,0.0,none
22h29m27.3s,+39d00m00.0s,22h30m37.9s,+39d08m11.4s,98,0,,0,0.0,none
22h32m01.8s,+39d00m00.0s,22h33m12.7s,+39d08m13.7s,95,0,,0,0.0,none
22h34m36.2s,+39d00m00.0s,22h35m47.4s,+39d08m15.9s,96,0,,0,0.0,none
22h37m10.6s,+39d00m00.0s,22h38m22.1s,+39d08m18.0s,98,0,,0,0.0,none
22h39m45.0s,+39d00m00.0s,22h40m56.8s,+39d08m20.1s,125,0,,0,0.0,none
22h42m19.4s,+39d00m00.0s,22h43m31.5s,+39d08m22.1s,139,0,,0,0.0,none
22h44m53.8s,+39d00m00.0s,22h46m06.2s,+39d08m24.0s,103,0,,0,0.0,none
22h47m28.2s,+39d00m00.0s,22h48m40.9s,+39d08m25.9s,94,0,,0,0.0,none
22h50m02.6s,+39d00m00.0s,22h51m15.7s,+39d08m27.7s,79,0,,0,0.0,none
22h52m37.0s,+39d00m00.0s,22h53m50.4s,+39d08m29.5s,68,0,,0,0.0,none
22h55m11.5s,+39d00m00.0s,22h56m25.1s,+39d08m31.1s,84,0,,0,0.0,none
21h58m35.5s,+39d30m00.0s,21h59m42.4s,+39d37m39.6s,92,0,,0,0.0,none
22h01m11.0s,+39d30m00.0s,22h02m18.2s,+39d37m42.6s,124,0,,0,0.0,none
22h03m46.5s,+39d30m00.0s,22h04m54.0s,+39d37m45.6s,117,0,,0,0.0,none
22h06m22.1s,+39d30m00.0s,22h07m29.8s,+39d37m48.4s,109,0,,0,0.0,none
22h08m57.6s,+39d30m00.0s,22h10m05.6s,+39d37m51.3s,106,0,,0,0.0,none
22h11m33.1s,+39d30m00.0s,22h12m41.4s,+39d37m54.0s,108,0,,0,0.0,none
22h14m08.6s,+39d30m00.0s,22h15m17.2s,+39d37m56.7s,107,0,,0,0.0,none
22h16m44.1s,+39d30m00.0s,22h17m53.0s,+39d37m59.4s,113,0,,0,0.0,none
22h19m19.6s,+39d30m00.0s,22h20m28.9s,+39d38m01.9s,101,0,,0,0.0,none
22h21m55.2s,+39d30m00.0s,22h23m04.7s,+39d38m04.5s,95,0,,0,0.0,none
22h24m30.7s,+39d30m00.0s,22h25m40.5s,+39d38m06.9s,114,0,,0,0.0,none
22h27m06.2s,+39d30m00.0s,22h28m16.3s,+39d38m09.3s,116,0,,0,0.0,none
22h29m41.7s,+39d30m00.0s,22h30m52.1s,+39d38m11.6s,107,0,,0,0.0,none
22h32m17.2s,+39d30m00.0s,22h33m28.0s,+39d38m13.9s,108,0,,0,0.0,none
22h34m52.7s,+39d30m00.0s,22h36m03.8s,+39d38m16.1s,97,0,,0,0.0,none
22h37m28.3s,+39d30m00.0s,22h38m39.6s,+39d38m18.2s,94,0,,0,0.0,none
22h40m03.8s,+39d30m00.0s,22h41m15.4s,+39d38m20.3s,103,0,,0,0.0,none
22h42m39.3s,+39d30m00.0s,22h43m51.3s,+39d38m22.3s,106,0,,0,0.0,none
22h45m14.8s,+39d30m00.0s,22h46m27.1s,+39d38m24.3s,87,0,,0,0.0,none
22h47m50.3s,+39d30m00.0s,22h49m02.9s,+39d38m26.2s,80,0,,0,0.0,none
22h50m25.8s,+39d30m00.0s,22h51m38.8s,+39d38m28.0s,76,0,,0,0.0,none
22h53m01.4s,+39d30m00.0s,22h54m14.6s,+39d38m29.7s,71,0,,0,0.0,none
22h55m36.9s,+39d30m00.0s,22h56m50.4s,+39d38m31.4s,80,0,,0,0.0,none
21h58m36.6s,+40d00m00.0s,21h59m43.3s,+40d07m39.6s,85,0,,0,0.0,none
22h01m13.3s,+40d00m00.0s,22h02m20.2s,+40d07m42.7s,116,0,,0,0.0,none
22h03m49.9s,+40d00m00.0s,22h04m57.1s,+40d07m45.6s,122,0,,0,0.0,none
22h06m26.6s,+40d00m00.0s,22h07m34.1s,+40d07m48.5s,132,0,,0,0.0,none
22h09m03.2s,+40d00m00.0s,22h10m11.0s,+40d07m51.4s,124,0,,0,0.0,none
22h11m39.9s,+40d00m00.0s,22h12m48.0s,+40d07m54.1s,119,0,,0,0.0,none
22h14m16.5s,+40d00m00.0s,22h15m24.9s,+40d07m56.9s,107,0,,0,0.0,none
22h16m53.2s,+40d00m00.0s,22h18m01.9s,+40d07m59.5s,93,0,,0,0.0,none
22h19m29.8s,+40d00m00.0s,22h20m38.9s,+40d08m02.1s,103,0,,0,0.0,none
22h22m06.5s,+40d00m00.0s,22h23m15.8s,+40d08m04.6s,117,0,,0,0.0,none
22h24m43.1s,+40d00m00.0s,22h25m52.8s,+40d08m07.1s,107,0,,0,0.0,none
22h27m19.8s,+40d00m00.0s,22h28m29.7s,+40d08m09.5s,117,0,,0,0.0,none
22h29m56.4s,+40d00m00.0s,22h31m06.7s,+40d08m11.9s,134,0,,0,0.0,none
22h32m33.1s,+40d00m00.0s,22h33m43.7s,+40d08m14.1s,123,0,,0,0.0,none
22h35m09.7s,+40d00m00.0s,22h36m20.6s,+40d08m16.3s,107,0,,0,0.0,none
22h37m46.4s,+40d00m00.0s,22h38m57.6s,+40d08m18.5s,97,0,,0,0.0,none
22h40m23.0s,+40d00m00.0s,22h41m34.6s,+40d08m20.6s,84,0,,0,0.0,none
22h42m59.7s,+40d00m00.0s,22h44m11.5s,+40d08m22.6s,98,0,,0,0.0,none
22h45m36.3s,+40d00m00.0s,22h46m48.5s,+40d08m24.5s,110,0,,0,0.0,none
22h48m13.0s,+40d00m00.0s,22h49m25.5s,+40d08m26.4s,108,0,,0,0.0,none
22h50m49.6s,+40d00m00.0s,22h52m02.4s,+40d08m28.2s,88,0,,0,0.0,none
22h53m26.3s,+40d00m00.0s,22h54m39.4s,+40d08m30.0s,82,0,,0,0.0,none
22h56m02.9s,+40d00m00.0s,22h57m16.4s,+40d08m31.7s,76,0,,0,0.0,none
21h58m37.8s,+40d30m00.0s,21h59m44.2s,+40d37m39.7s,92,0,,0,0.0,none
22h01m15.6s,+40d30m00.0s,22h02m22.3s,+40d37m42.7s,133,0,,0,0.0,none
22h03m53.4s,+40d30m00.0s,22h05m00.4s,+40d37m45.7s,121,0,,0,0.0,none
22h06m31.2s,+40d30m00.0s,22h07m38.5s,+40d37m48.6s,139,0,,0,0.0,none
22h09m09.1s,+40d30m00.0s,22h10m16.6s,+40d37m51.5s,162,0,,0,0.0,none
22h11m46.9s,+40d30m00.0s,22h12m54.7s,+40d37m54.3s,139,0,,0,0.0,none
22h22m18.1s,+40d30m00.0s,22h23m27.2s,+40d38m04.8s,123,0,,0,0.0,none
22h24m55.9s,+40d30m00.0s,22h26m05.4s,+40d38m07.3s,116,0,,0,0.0,none
22h27m33.7s,+40d30m00.0s,22h28m43.5s,+40d38m09.7s,109,0,,0,0.0,none
22h30m11.5s,+40d30m00.0s,22h31m21.6s,+40d38m12.1s,125,0,,0,0.0,none
22h32m49.3s,+40d30m00.0s,22h33m59.8s,+40d38m14.4s,121,0,,0,0.0,none
22h35m27.2s,+40d30m00.0s,22h36m37.9s,+40d38m16.6s,103,0,,0,0.0,none
22h38m05.0s,+40d30m00.0s,22h39m16.0s,+40d38m18.7s,97,0,,0,0.0,none
22h40m42.8s,+40d30m00.0s,22h41m54.2s,+40d38m20.8s,90,0,,0,0.0,none
22h43m20.6s,+40d30m00.0s,22h44m32.3s,+40d38m22.8s,92,0,,0,0.0,none
22h45m58.4s,+40d30m00.0s,22h47m10.4s,+40d38m24.8s,107,0,,0,0.0,none
22h48m36.2s,+40d30m00.0s,22h49m48.6s,+40d38m26.7s,114,0,,0,0.0,none
22h51m14.0s,+40d30m00.0s,22h52m26.7s,+40d38m28.5s,102,0,,0,0.0,none
22h53m51.8s,+40d30m00.0s,22h55m04.9s,+40d38m30.3s,102,0,,0,0.0,none
22h56m29.6s,+40d30m00.0s,22h57m43.0s,+40d38m32.0s,71,0,,0,0.0,none
21h58m39.0s,+41d00m00.0s,21h59m45.1s,+41d07m39.7s,106,0,,0,0.0,none
22h01m18.0s,+41d00m00.0s,22h02m24.4s,+41d07m42.8s,161,0,,0,0.0,none
22h03m57.0s,+41d00m00.0s,22h05m03.7s,+41d07m45.8s,138,0,,0,0.0,none
22h06m36.0s,+41d00m00.0s,22h07m43.0s,+41d07m48.7s,134,0,,0,0.0,none
22h09m15.0s,+41d00m00.0s,22h10m22.3s,+41d07m51.6s,160,0,,0,0.0,none
22h11m54.0s,+41d00m00.0s,22h13m01.6s,+41d07m54.4s,138,0,,0,0.0,none
22h22m30.0s,+41d00m00.0s,22h23m38.9s,+41d08m05.0s,111,0,,0,0.0,none
22h25m09.0s,+41d00m00.0s,22h26m18.3s,+41d08m07.5s,125,0,,0,0.0,none
22h27m48.0s,+41d00m00.0s,22h28m57.6s,+41d08m09.9s,113,0,,0,0.0,none
22h30m27.0s,+41d00m00.0s,22h31m36.9s,+41d08m12.3s,125,0,,0,0.0,none
22h33m06.0s,+41d00m00.0s,22h34m16.3s,+41d08m14.6s,125,0,,0,0.0,none
22h35m45.0s,+41d00m00.0s,22h36m55.6s,+41d08m16.8s,95,0,,0,0.0,none
22h38m24.0s,+41d00m00.0s,22h39m34.9s,+41d08m19.0s,96,0,,0,0.0,none
22h41m03.0s,+41d00m00.0s,22h42m14.3s,+41d08m21.1s,90,0,,0,0.0,none
22h43m42.0s,+41d00m00.0s,22h44m53.6s,+41d08m23.1s,92,0,,0,0.0,none
22h46m21.0s,+41d00m00.0s,22h47m33.0s,+41d08m25.1s,97,0,,0,0.0,none
22h49m00.0s,+41d00m00.0s,22h50m12.3s,+41d08m27.0s,99,0,,0,0.0,none
22h51m39.0s,+41d00m00.0s,22h52m51.6s,+41d08m28.8s,107,0,,0,0.0,none
22h54m18.0s,+41d00m00.0s,22h55m31.0s,+41d08m30.6s,105,0,,0,0.0,none
22h56m57.0s,+41d00m00.0s,22h58m10.3s,+41d08m32.3s,61,0,,0,0.0,none
21h58m40.2s,+41d30m00.0s,21h59m46.0s,+41d37m39.7s,108,0,,0,0.0,none
22h01m20.4s,+41d30m00.0s,22h02m26.6s,+41d37m42.8s,162,0,,0,0.0,none
22h04m00.7s,+41d30m00.0s,22h05m07.1s,+41d37m45.8s,166,0,,0,0.0,none
22h06m40.9s,+41d30m00.0s,22h07m47.6s,+41d37m48.8s,136,0,,0,0.0,none
22h09m21.1s,+41d30m00.0s,22h10m28.2s,+41d37m51.7s,116,0,,0,0.0,none
22h12m01.3s,+41d30m00.0s,22h13m08.7s,+41d37m54.5s,110,0,,0,0.0,none
22h14m41.6s,+41d30m00.0s,22h15m49.3s,+41d37m57.3s,103,0,,0,0.0,none
22h17m21.8s,+41d30m00.0s,22h18m29.8s,+41d38m00.0s,121,0,,0,0.0,none
22h20m02.0s,+41d30m00.0s,22h21m10.4s,+41d38m02.6s,124,0,,0,0.0,none
22h22m42.2s,+41d30m00.0s,22h23m51.0s,+41d38m05.2s,101,0,,0,0.0,none
22h25m22.5s,+41d30m00.0s,22h26m31.5s,+41d38m07.7s,101,0,,0,0.0,none
22h28m02.7s,+41d30m00.0s,22h29m12.1s,+41d38m10.2s,114,0,,0,0.0,none
22h30m42.9s,+41d30m00.0s,22h31m52.6s,+41d38m12.5s,116,0,,0,0.0,none
22h33m23.1s,+41d30m00.0s,22h34m33.2s,+41d38m14.8s,108,0,,0,0.0,none
22h36m03.3s,+41d30m00.0s,22h37m13.8s,+41d38m17.1s,100,0,,0,0.0,none
22h38m43.6s,+41d30m00.0s,22h39m54.3s,+41d38m19.2s,107,0,,0,0.0,none
22h41m23.8s,+41d30m00.0s,22h42m34.9s,+41d38m21.4s,89,0,,0,0.0,none
22h44m04.0s,+41d30m00.0s,22h45m15.5s,+41d38m23.4s,94,0,,0,0.0,none
22h46m44.2s,+41d30m00.0s,22h47m56.0s,+41d38m25.4s,119,0,,0,0.0,none
22h49m24.5s,+41d30m00.0s,22h50m36.6s,+41d38m27.3s,110,0,,0,0.0,none
22h52m04.7s,+41d30m00.0s,22h53m17.2s,+41d38m29.1s,89,0,,0,0.0,none
22h54m44.9s,+41d30m00.0s,22h55m57.8s,+41d38m30.8s,98,0,,0,0.0,none
21h58m41.5s,+42d00m00.0s,21h59m47.0s,+42d07m39.7s,106,0,,0,0.0,none
22h01m23.0s,+42d00m00.0s,22h02m28.8s,+42d07m42.8s,153,0,,0,0.0,none
22h04m04.4s,+42d00m00.0s,22h05m10.6s,+42d07m45.9s,154,0,,0,0.0,none
22h06m45.9s,+42d00m00.0s,22h07m52.4s,+42d07m48.9s,131,0,,0,0.0,none
22h09m27.4s,+42d00m00.0s,22h10m34.2s,+42d07m51.8s,115,0,,0,0.0,none
22h12m08.9s,+42d00m00.0s,22h13m16.0s,+42d07m54.6s,130,0,,0,0.0,none
22h14m50.3s,+42d00m00.0s,22h15m57.8s,+42d07m57.4s,134,0,,0,0.0,none
22h17m31.8s,+42d00m00.0s,22h18m39.7s,+42d08m00.2s,144,0,,0,0.0,none
22h20m13.3s,+42d00m00.0s,22h21m21.5s,+42d08m02.8s,138,0,,0,0.0,none
22h22m54.8s,+42d00m00.0s,22h24m03.3s,+42d08m05.4s,111,0,,0,0.0,none
22h25m36.2s,+42d00m00.0s,22h26m45.1s,+42d08m07.9s,106,0,,0,0.0,none
22h28m17.7s,+42d00m00.0s,22h29m26.9s,+42d08m10.4s,115,0,,0,0.0,none
22h30m59.2s,+42d00m00.0s,22h32m08.8s,+42d08m12.8s,120,0,,0,0.0,none
22h33m40.7s,+42d00m00.0s,22h34m50.6s,+42d08m15.1s,115,0,,0,0.0,none
22h36m22.1s,+42d00m00.0s,22h37m32.4s,+42d08m17.3s,112,0,,0,0.0,none
22h39m03.6s,+42d00m00.0s,22h40m14.2s,+42d08m19.5s,121,0,,0,0.0,none
22h41m45.1s,+42d00m00.0s,22h42m56.1s,+42d08m21.6s,114,0,,0,0.0,none
22h44m26.6s,+42d00m00.0s,22h45m37.9s,+42d08m23.7s,100,0,,0,0.0,none
22h47m08.0s,+42d00m00.0s,22h48m19.7s,+42d08m25.6s,108,0,,0,0.0,none
22h49m49.5s,+42d00m00.0s,22h51m01.6s,+42d08m27.5s,100,0,,0,0.0,none
22h52m31.0s,+42d00m00.0s,22h53m43.4s,+42d08m29.4s,78,0,,0,0.0,none
22h55m12.5s,+42d00m00.0s,22h56m25.2s,+42d08m31.1s,90,0,,0,0.0,none
21h58m42.8s,+42d30m00.0s,21h59m48.0s,+42d37m39.8s,104,0,,0,0.0,none
22h01m25.5s,+42d30m00.0s,22h02m31.1s,+42d37m42.9s,153,0,,0,0.0,none
22h04m08.3s,+42d30m00.0s,22h05m14.2s,+42d37m46.0s,130,0,,0,0.0,none
22h06m51.0s,+42d30m00.0s,22h07m57.3s,+42d37m49.0s,129,0,,0,0.0,none
22h09m33.8s,+42d30m00.0s,22h10m40.4s,+42d37m51.9s,142,0,,0,0.0,none
22h12m16.6s,+42d30m00.0s,22h13m23.5s,+42d37m54.8s,151,0,,0,0.0,none
22h14m59.3s,+42d30m00.0s,22h16m06.6s,+42d37m57.6s,155,0,,0,0.0,none
22h17m42.1s,+42d30m00.0s,22h18m49.7s,+42d38m00.3s,152,0,,0,0.0,none
22h20m24.8s,+42d30m00.0s,22h21m32.8s,+42d38m03.0s,144,0,,0,0.0,none
22h23m07.6s,+42d30m00.0s,22h24m15.9s,+42d38m05.6s,130,0,,0,0.0,none
22h25m50.4s,+42d30m00.0s,22h26m59.0s,+42d38m08.1s,120,0,,0,0.0,none
22h28m33.1s,+42d30m00.0s,22h29m42.2s,+42d38m10.6s,133,0,,0,0.0,none
22h31m15.9s,+42d30m00.0s,22h32m25.3s,+42d38m13.0s,154,0,,0,0.0,none
22h33m58.7s,+42d30m00.0s,22h35m08.4s,+42d38m15.3s,145,0,,0,0.0,none
22h36m41.4s,+42d30m00.0s,22h37m51.5s,+42d38m17.6s,122,0,,0,0.0,none
22h39m24.2s,+42d30m00.0s,22h40m34.6s,+42d38m19.8s,117,0,,0,0.0,none
22h42m06.9s,+42d30m00.0s,22h43m17.8s,+42d38m21.9s,118,0,,0,0.0,none
22h44m49.7s,+42d30m00.0s,22h46m00.9s,+42d38m24.0s,105,0,,0,0.0,none
22h47m32.5s,+42d30m00.0s,22h48m44.0s,+42d38m25.9s,107,0,,0,0.0,none
22h50m15.2s,+42d30m00.0s,22h51m27.2s,+42d38m27.8s,89,0,,0,0.0,none
22h52m58.0s,+42d30m00.0s,22h54m10.3s,+42d38m29.7s,73,0,,0,0.0,none
22h55m40.7s,+42d30m00.0s,22h56m53.4s,+42d38m31.4s,78,0,,0,0.0,none
21h58m44.1s,+43d00m00.0s,21h59m49.0s,+43d07m39.8s,96,0,,0,0.0,none
22h01m28.2s,+43d00m00.0s,22h02m33.5s,+43d07m42.9s,147,0,,0,0.0,none
22h04m12.2s,+43d00m00.0s,22h05m17.9s,+43d07m46.0s,139,0,,0,0.0,none
22h06m56.3s,+43d00m00.0s,22h08m02.3s,+43d07m49.1s,131,0,,0,0.0,none
22h09m40.4s,+43d00m00.0s,22h10m46.7s,+43d07m52.0s,151,0,,0,0.0,none
22h12m24.5s,+43d00m00.0s,22h13m31.2s,+43d07m54.9s,152,0,,0,0.0,none
22h15m08.6s,+43d00m00.0s,22h16m15.6s,+43d07m57.7s,133,0,,0,0.0,none
22h17m52.6s,+43d00m00.0s,22h19m00.0s,+43d08m00.5s,123,0,,0,0.0,none
22h20m36.7s,+43d00m00.0s,22h21m44.5s,+43d08m03.2s,130,0,,0,0.0,none
22h23m20.8s,+43d00m00.0s,22h24m28.9s,+43d08m05.8s,136,0,,0,0.0,none
22h26m04.9s,+43d00m00.0s,22h27m13.4s,+43d08m08.4s,131,0,,0,0.0,none
22h28m49.0s,+43d00m00.0s,22h29m57.8s,+43d08m10.8s,148,0,,0,0.0,none
22h31m33.0s,+43d00m00.0s,22h32m42.2s,+43d08m13.3s,173,0,,0,0.0,none
22h34m17.1s,+43d00m00.0s,22h35m26.7s,+43d08m15.6s,144,0,,0,0.0,none
22h37m01.2s,+43d00m00.0s,22h38m11.1s,+43d08m17.9s,109,0,,0,0.0,none
22h39m45.3s,+43d00m00.0s,22h40m55.6s,+43d08m20.1s,98,0,,0,0.0,none
22h42m29.3s,+43d00m00.0s,22h43m40.0s,+43d08m22.2s,104,0,,0,0.0,none
22h45m13.4s,+43d00m00.0s,22h46m24.5s,+43d08m24.2s,111,0,,0,0.0,none
22h47m57.5s,+43d00m00.0s,22h49m08.9s,+43d08m26.2s,90,0,,0,0.0,none
22h50m41.6s,+43d00m00.0s,22h51m53.4s,+43d08m28.1s,89,0,,0,0.0,none
22h53m25.7s,+43d00m00.0s,22h54m37.9s,+43d08m30.0s,106,0,,0,0.0,none
22h56m09.7s,+43d00m00.0s,22h57m22.3s,+43d08m31.8s,86,0,,0,0.0,none
21h58m45.4s,+43d30m00.0s,21h59m50.1s,+43d37m39.8s,99,0,,0,0.0,none
22h01m30.9s,+43d30m00.0s,22h02m35.9s,+43d37m43.0s,143,0,,0,0.0,none
22h04m16.3s,+43d30m00.0s,22h05m21.7s,+43d37m46.1s,131,0,,0,0.0,none
22h07m01.7s,+43d30m00.0s,22h08m07.4s,+43d37m49.2s,121,0,,0,0.0,none
22h09m47.2s,+43d30m00.0s,22h10m53.2s,+43d37m52.1s,146,0,,0,0.0,none
22h12m32.6s,+43d30m00.0s,22h13m39.0s,+43d37m55.1s,148,0,,0,0.0,none
22h15m18.0s,+43d30m00.0s,22h16m24.8s,+43d37m57.9s,119,0,,0,0.0,none
22h18m03.5s,+43d30m00.0s,22h19m10.6s,+43d38m00.7s,96,0,,0,0.0,none
22h20m48.9s,+43d30m00.0s,22h21m56.4s,+43d38m03.4s,104,0,,0,0.0,none
22h23m34.3s,+43d30m00.0s,22h24m42.2s,+43d38m06.0s,139,0,,0,0.0,none
22h26m19.7s,+43d30m00.0s,22h27m28.0s,+43d38m08.6s,141,0,,0,0.0,none
22h29m05.2s,+43d30m00.0s,22h30m13.8s,+43d38m11.1s,137,0,,0,0.0,none
22h31m50.6s,+43d30m00.0s,22h32m59.6s,+43d38m13.5s,142,0,,0,0.0,none
22h34m36.0s,+43d30m00.0s,22h35m45.5s,+43d38m15.9s,132,0,,0,0.0,none
22h37m21.5s,+43d30m00.0s,22h38m31.3s,+43d38m18.1s,113,0,,0,0.0,none
22h40m06.9s,+43d30m00.0s,22h41m17.1s,+43d38m20.3s,108,0,,0,0.0,none
22h42m52.3s,+43d30m00.0s,22h44m02.9s,+43d38m22.5s,118,0,,0,0.0,none
22h45m37.8s,+43d30m00.0s,22h46m48.7s,+43d38m24.5s,114,0,,0,0.0,none
22h48m23.2s,+43d30m00.0s,22h49m34.5s,+43d38m26.5s,105,0,,0,0.0,none
22h51m08.6s,+43d30m00.0s,22h52m20.3s,+43d38m28.5s,105,0,,0,0.0,none
22h53m54.1s,+43d30m00.0s,22h55m06.2s,+43d38m30.3s,125,0,,0,0.0,none
22h56m39.5s,+43d30m00.0s,22h57m52.0s,+43d38m32.1s,92,0,,0,0.0,none
21h58m46.8s,+44d00m00.0s,21h59m51.2s,+44d07m39.8s,106,0,,0,0.0,none
22h01m33.6s,+44d00m00.0s,22h02m38.4s,+44d07m43.0s,143,0,,0,0.0,none
22h04m20.5s,+44d00m00.0s,22h05m25.5s,+44d07m46.2s,123,0,,0,0.0,none
22h07m07.3s,+44d00m00.0s,22h08m12.7s,+44d07m49.3s,112,0,,0,0.0,none
22h09m54.1s,+44d00m00.0s,22h11m00.0s,+44d07m52.3s,125,0,,0,0.0,none
22h12m40.9s,+44d00m00.0s,22h13m47.1s,+44d07m55.2s,134,0,,0,0.0,none
22h15m27.7s,+44d00m00.0s,22h16m34.3s,+44d07m58.1s,112,0,,0,0.0,none
22h18m14.6s,+44d00m00.0s,22h19m21.5s,+44d08m00.9s,88,0,,0,0.0,none
22h21m01.4s,+44d00m00.0s,22h22m08.7s,+44d08m03.6s,107,0,,0,0.0,none
22h23m48.2s,+44d00m00.0s,22h24m55.9s,+44d08m06.2s,139,0,,0,0.0,none
22h26m35.0s,+44d00m00.0s,22h27m43.1s,+44d08m08.8s,131,0,,0,0.0,none
22h29m21.8s,+44d00m00.0s,22h30m30.3s,+44d08m11.3s,124,0,,0,0.0,none
22h32m08.7s,+44d00m00.0s,22h33m17.5s,+44d08m13.8s,131,0,,0,0.0,none
22h34m55.5s,+44d00m00.0s,22h36m04.7s,+44d08m16.1s,133,0,,0,0.0,none
22h37m42.3s,+44d00m00.0s,22h38m51.9s,+44d08m18.4s,125,0,,0,0.0,none
22h40m29.1s,+44d00m00.0s,22h41m39.1s,+44d08m20.6s,136,0,,0,0.0,none
22h43m15.9s,+44d00m00.0s,22h44m26.3s,+44d08m22.8s,128,0,,0,0.0,none
22h46m02.8s,+44d00m00.0s,22h47m13.6s,+44d08m24.8s,111,0,,0,0.0,none
22h48m49.6s,+44d00m00.0s,22h50m00.8s,+44d08m26.8s,112,0,,0,0.0,none
22h51m36.4s,+44d00m00.0s,22h52m48.0s,+44d08m28.8s,99,0,,0,0.0,none
22h54m23.2s,+44d00m00.0s,22h55m35.2s,+44d08m30.6s,108,0,,0,0.0,none
22h57m10.0s,+44d00m00.0s,22h58m22.4s,+44d08m32.4s,66,0,,0,0.0,none
22h01m36.5s,+44d30m00.0s,22h02m40.9s,+44d37m43.1s,111,0,,0,0.0,none
22h04m24.7s,+44d30m00.0s,22h05m29.5s,+44d37m46.3s,136,0,,0,0.0,none
22h07m13.0s,+44d30m00.0s,22h08m18.2s,+44d37m49.4s,133,0,,0,0.0,none
22h10m01.2s,+44d30m00.0s,22h11m06.8s,+44d37m52.4s,126,0,,0,0.0,none
22h12m49.5s,+44d30m00.0s,22h13m55.4s,+44d37m55.3s,114,0,,0,0.0,none
22h15m37.7s,+44d30m00.0s,22h16m44.0s,+44d37m58.2s,89,0,,0,0.0,none
22h18m26.0s,+44d30m00.0s,22h19m32.7s,+44d38m01.0s,96,0,,0,0.0,none
22h21m14.2s,+44d30m00.0s,22h22m21.3s,+44d38m03.8s,128,0,,0,0.0,none
22h24m02.4s,+44d30m00.0s,22h25m09.9s,+44d38m06.5s,147,0,,0,0.0,none
22h26m50.7s,+44d30m00.0s,22h27m58.6s,+44d38m09.1s,155,0,,0,0.0,none
22h29m38.9s,+44d30m00.0s,22h30m47.2s,+44d38m11.6s,134,0,,0,0.0,none
22h32m27.2s,+44d30m00.0s,22h33m35.8s,+44d38m14.0s,119,0,,0,0.0,none
22h35m15.4s,+44d30m00.0s,22h36m24.5s,+44d38m16.4s,134,0,,0,0.0,none
22h38m03.7s,+44d30m00.0s,22h39m13.1s,+44d38m18.7s,140,0,,0,0.0,none
22h40m51.9s,+44d30m00.0s,22h42m01.8s,+44d38m20.9s,150,0,,0,0.0,none
22h43m40.1s,+44d30m00.0s,22h44m50.4s,+44d38m23.1s,125,0,,0,0.0,none
22h46m28.4s,+44d30m00.0s,22h47m39.1s,+44d38m25.2s,85,0,,0,0.0,none
22h49m16.6s,+44d30m00.0s,22h50m27.7s,+44d38m27.2s,78,0,,0,0.0,none
22h52m04.9s,+44d30m00.0s,22h53m16.4s,+44d38m29.1s,95,0,,0,0.0,none
22h54m53.1s,+44d30m00.0s,22h56m05.0s,+44d38m30.9s,115,0,,0,0.0,none
22h04m29.1s,+45d00m00.0s,22h05m33.6s,+45d07m46.3s,134,0,,0,0.0,none
22h07m18.8s,+45d00m00.0s,22h08m23.7s,+45d07m49.5s,154,0,,0,0.0,none
22h10m08.5s,+45d00m00.0s,22h11m13.8s,+45d07m52.5s,145,0,,0,0.0,none
22h12m58.2s,+45d00m00.0s,22h14m03.9s,+45d07m55.5s,127,0,,0,0.0,none
22h15m47.9s,+45d00m00.0s,22h16m54.0s,+45d07m58.4s,127,0,,0,0.0,none
22h18m37.6s,+45d00m00.0s,22h19m44.1s,+45d08m01.2s,142,0,,0,0.0,none
22h21m27.4s,+45d00m00.0s,22h22m34.2s,+45d08m04.0s,149,0,,0,0.0,none
22h24m17.1s,+45d00m00.0s,22h25m24.3s,+45d08m06.7s,156,0,,0,0.0,none
22h27m06.8s,+45d00m00.0s,22h28m14.4s,+45d08m09.3s,161,0,,0,0.0,none
22h29m56.5s,+45d00m00.0s,22h31m04.5s,+45d08m11.8s,137,0,,0,0.0,none
22h32m46.2s,+45d00m00.0s,22h33m54.7s,+45d08m14.3s,119,0,,0,0.0,none
22h35m35.9s,+45d00m00.0s,22h36m44.8s,+45d08m16.7s,141,0,,0,0.0,none
22h38m25.6s,+45d00m00.0s,22h39m34.9s,+45d08m19.0s,140,0,,0,0.0,none
22h41m15.3s,+45d00m00.0s,22h42m25.0s,+45d08m21.2s,138,0,,0,0.0,none
22h44m05.0s,+45d00m00.0s,22h45m15.1s,+45d08m23.4s,141,0,,0,0.0,none
22h46m54.7s,+45d00m00.0s,22h48m05.3s,+45d08m25.5s,119,0,,0,0.0,none
22h49m44.4s,+45d00m00.0s,22h50m55.4s,+45d08m27.5s,104,0,,0,0.0,none
22h52m34.1s,+45d00m00.0s,22h53m45.5s,+45d08m29.4s,109,0,,0,0.0,none
22h55m23.8s,+45d00m00.0s,22h56m35.6s,+45d08m31.3s,114,0,,0,0.0,none
22h04m33.6s,+45d30m00.0s,22h05m37.8s,+45d37m46.4s,122,0,,0,0.0,none
22h07m24.8s,+45d30m00.0s,22h08m29.4s,+45d37m49.6s,155,0,,0,0.0,none
22h10m16.0s,+45d30m00.0s,22h11m21.1s,+45d37m52.6s,148,0,,0,0.0,none
22h13m07.2s,+45d30m00.0s,22h14m12.7s,+45d37m55.6s,133,0,,0,0.0,none
22h15m58.4s,+45d30m00.0s,22h17m04.3s,+45d37m58.6s,166,0,,0,0.0,none
22h18m49.6s,+45d30m00.0s,22h19m55.9s,+45d38m01.4s,178,0,,0,0.0,none
22h21m40.9s,+45d30m00.0s,22h22m47.5s,+45d38m04.2s,154,0,,0,0.0,none
22h24m32.1s,+45d30m00.0s,22h25m39.1s,+45d38m06.9s,151,0,,0,0.0,none
22h27m23.3s,+45d30m00.0s,22h28m30.7s,+45d38m09.5s,159,0,,0,0.0,none
22h30m14.5s,+45d30m00.0s,22h31m22.4s,+45d38m12.1s,148,0,,0,0.0,none
22h33m05.7s,+45d30m00.0s,22h34m14.0s,+45d38m14.6s,142,0,,0,0.0,none
22h35m56.9s,+45d30m00.0s,22h37m05.6s,+45d38m17.0s,137,0,,0,0.0,none
22h38m48.1s,+45d30m00.0s,22h39m57.2s,+45d38m19.3s,121,0,,0,0.0,none
22h41m39.3s,+45d30m00.0s,22h42m48.9s,+45d38m21.5s,122,0,,0,0.0,none
22h44m30.5s,+45d30m00.0s,22h45m40.5s,+45d38m23.7s,140,0,,0,0.0,none
22h47m21.7s,+45d30m00.0s,22h48m32.1s,+45d38m25.8s,149,0,,0,0.0,none
22h50m12.9s,+45d30m00.0s,22h51m23.8s,+45d38m27.8s,134,0,,0,0.0,none
22h53m04.1s,+45d30m00.0s,22h54m15.4s,+45d38m29.7s,116,0,,0,0.0,none
22h55m55.3s,+45d30m00.0s,22h57m07.0s,+45d38m31.6s,96,0,,0,0.0,none
22h04m38.2s,+46d00m00.0s,22h05m42.2s,+46d07m46.5s,148,0,,0,0.0,none
22h07m31.0s,+46d00m00.0s,22h08m35.3s,+46d07m49.7s,197,0,,0,0.0,none
22h10m23.7s,+46d00m00.0s,22h11m28.5s,+46d07m52.8s,191,0,,0,0.0,none
22h13m16.5s,+46d00m00.0s,22h14m21.6s,+46d07m55.8s,163,0,,0,0.0,none
22h16m09.2s,+46d00m00.0s,22h17m14.8s,+46d07m58.8s,187,0,,0,0.0,none
22h19m02.0s,+46d00m00.0s,22h20m08.0s,+46d08m01.6s,192,0,,0,0.0,none
22h21m54.7s,+46d00m00.0s,22h23m01.1s,+46d08m04.4s,156,0,,0,0.0,none
22h24m47.5s,+46d00m00.0s,22h25m54.3s,+46d08m07.2s,157,0,,0,0.0,none
22h27m40.2s,+46d00m00.0s,22h28m47.5s,+46d08m09.8s,172,0,,0,0.0,none
22h30m33.0s,+46d00m00.0s,22h31m40.7s,+46d08m12.4s,158,0,,0,0.0,none
22h33m25.7s,+46d00m00.0s,22h34m33.8s,+46d08m14.9s,149,0,,0,0.0,none
22h36m18.5s,+46d00m00.0s,22h37m27.0s,+46d08m17.3s,128,0,,0,0.0,none
22h39m11.2s,+46d00m00.0s,22h40m20.2s,+46d08m19.6s,110,0,,0,0.0,none
22h42m03.9s,+46d00m00.0s,22h43m13.4s,+46d08m21.9s,125,0,,0,0.0,none
22h44m56.7s,+46d00m00.0s,22h46m06.6s,+46d08m24.0s,138,0,,0,0.0,none
22h47m49.4s,+46d00m00.0s,22h48m59.7s,+46d08m26.1s,132,0,,0,0.0,none
22h50m42.2s,+46d00m00.0s,22h51m52.9s,+46d08m28.1s,113,0,,0,0.0,none
22h53m34.9s,+46d00m00.0s,22h54m46.1s,+46d08m30.1s,116,0,,0,0.0,none
22h56m27.7s,+46d00m00.0s,22h57m39.3s,+46d08m31.9s,96,0,,0,0.0,none
22h04m43.0s,+46d30m00.0s,22h05m46.6s,+46d37m46.6s,203,0,,0,0.0,none
22h07m37.3s,+46d30m00.0s,22h08m41.4s,+46d37m49.8s,247,0,,0,0.0,none
22h10m31.6s,+46d30m00.0s,22h11m36.1s,+46d37m52.9s,224,0,,0,0.0,none
22h13m26.0s,+46d30m00.0s,22h14m30.9s,+46d37m56.0s,206,0,,0,0.0,none
22h16m20.3s,+46d30m00.0s,22h17m25.6s,+46d37m58.9s,208,0,,0,0.0,none
22h19m14.6s,+46d30m00.0s,22h20m20.4s,+46d38m01.8s,215,0,,0,0.0,none
22h22m09.0s,+46d30m00.0s,22h23m15.1s,+46d38m04.7s,195,0,,0,0.0,none
22h25m03.3s,+46d30m00.0s,22h26m09.9s,+46d38m07.4s,178,0,,0,0.0,none
22h27m57.6s,+46d30m00.0s,22h29m04.7s,+46d38m10.1s,176,0,,0,0.0,none
22h30m51.9s,+46d30m00.0s,22h31m59.4s,+46d38m12.6s,158,0,,0,0.0,none
22h33m46.3s,+46d30m00.0s,22h34m54.2s,+46d38m15.1s,158,0,,0,0.0,none
22h36m40.6s,+46d30m00.0s,22h37m49.0s,+46d38m17.6s,149,0,,0,0.0,none
22h39m34.9s,+46d30m00.0s,22h40m43.8s,+46d38m19.9s,127,0,,0,0.0,none
22h42m29.3s,+46d30m00.0s,22h43m38.5s,+46d38m22.2s,130,0,,0,0.0,none
22h45m23.6s,+46d30m00.0s,22h46m33.3s,+46d38m24.4s,129,0,,0,0.0,none
22h48m17.9s,+46d30m00.0s,22h49m28.1s,+46d38m26.5s,129,0,,0,0.0,none
22h51m12.2s,+46d30m00.0s,22h52m22.9s,+46d38m28.5s,116,0,,0,0.0,none
22h54m06.6s,+46d30m00.0s,22h55m17.7s,+46d38m30.4s,108,0,,0,0.0,none
22h57m00.9s,+46d30m00.0s,22h58m12.4s,+46d38m32.3s,69,0,,0,0.0,none
22h04m47.9s,+47d00m00.0s,22h05m51.2s,+47d07m46.7s,207,0,,0,0.0,none
22h07m43.8s,+47d00m00.0s,22h08m47.6s,+47d07m49.9s,232,0,,0,0.0,none
22h10m39.8s,+47d00m00.0s,22h11m44.0s,+47d07m53.1s,211,0,,0,0.0,none
22h13m35.7s,+47d00m00.0s,22h14m40.3s,+47d07m56.1s,211,0,,0,0.0,none
22h16m31.7s,+47d00m00.0s,22h17m36.7s,+47d07m59.1s,203,0,,0,0.0,none
22h19m27.6s,+47d00m00.0s,22h20m33.1s,+47d08m02.0s,217,0,,0,0.0,none
22h22m23.6s,+47d00m00.0s,22h23m29.5s,+47d08m04.9s,210,0,,0,0.0,none
22h25m19.5s,+47d00m00.0s,22h26m25.9s,+47d08m07.6s,185,0,,0,0.0,none
22h28m15.5s,+47d00m00.0s,22h29m22.3s,+47d08m10.3s,177,0,,0,0.0,none
22h31m11.4s,+47d00m00.0s,22h32m18.7s,+47d08m12.9s,169,0,,0,0.0,none
22h34m07.4s,+47d00m00.0s,22h35m15.1s,+47d08m15.4s,171,0,,0,0.0,none
22h37m03.3s,+47d00m00.0s,22h38m11.6s,+47d08m17.9s,167,0,,0,0.0,none
22h39m59.3s,+47d00m00.0s,22h41m08.0s,+47d08m20.2s,160,0,,0,0.0,none
22h42m55.3s,+47d00m00.0s,22h44m04.4s,+47d08m22.5s,152,0,,0,0.0,none
22h45m51.2s,+47d00m00.0s,22h47m00.8s,+47d08m24.7s,133,0,,0,0.0,none
22h48m47.2s,+47d00m00.0s,22h49m57.2s,+47d08m26.8s,125,0,,0,0.0,none
22h51m43.1s,+47d00m00.0s,22h52m53.6s,+47d08m28.8s,131,0,,0,0.0,none
22h54m39.1s,+47d00m00.0s,22h55m50.1s,+47d08m30.8s,123,0,,0,0.0,none
22h04m52.9s,+47d30m00.0s,22h05m55.9s,+47d37m46.8s,196,0,,0,0.0,none
22h07m50.5s,+47d30m00.0s,22h08m53.9s,+47d37m50.0s,243,0,,0,0.0,none
22h10m48.1s,+47d30m00.0s,22h11m52.0s,+47d37m53.2s,228,0,,0,0.0,none
22h13m45.7s,+47d30m00.0s,22h14m50.1s,+47d37m56.3s,221,0,,0,0.0,none
22h16m43.4s,+47d30m00.0s,22h17m48.2s,+47d37m59.3s,205,0,,0,0.0,none
22h19m41.0s,+47d30m00.0s,22h20m46.2s,+47d38m02.3s,178,0,,0,0.0,none
22h22m38.6s,+47d30m00.0s,22h23m44.3s,+47d38m05.1s,189,0,,0,0.0,none
22h25m36.2s,+47d30m00.0s,22h26m42.4s,+47d38m07.9s,202,0,,0,0.0,none
22h28m33.8s,+47d30m00.0s,22h29m40.5s,+47d38m10.6s,186,0,,0,0.0,none
22h31m31.5s,+47d30m00.0s,22h32m38.6s,+47d38m13.2s,184,0,,0,0.0,none
22h34m29.1s,+47d30m00.0s,22h35m36.7s,+47d38m15.7s,187,0,,0,0.0,none
22h37m26.7s,+47d30m00.0s,22h38m34.7s,+47d38m18.2s,180,0,,0,0.0,none
22h40m24.3s,+47d30m00.0s,22h41m32.8s,+47d38m20.6s,175,0,,0,0.0,none
22h43m22.0s,+47d30m00.0s,22h44m30.9s,+47d38m22.8s,166,0,,0,0.0,none
22h46m19.6s,+47d30m00.0s,22h47m29.0s,+47d38m25.0s,140,0,,0,0.0,none
22h49m17.2s,+47d30m00.0s,22h50m27.1s,+47d38m27.2s,126,0,,0,0.0,none
22h52m14.8s,+47d30m00.0s,22h53m25.2s,+47d38m29.2s,148,0,,0,0.0,none
22h55m12.4s,+47d30m00.0s,22h56m23.3s,+47d38m31.1s,134,0,,0,0.0,none
22h04m58.0s,+48d00m00.0s,22h06m00.7s,+48d07m46.9s,185,0,,0,0.0,none
22h07m57.3s,+48d00m00.0s,22h09m00.5s,+48d07m50.1s,241,0,,0,0.0,none
22h10m56.7s,+48d00m00.0s,22h12m00.3s,+48d07m53.3s,232,0,,0,0.0,none
22h13m56.0s,+48d00m00.0s,22h15m00.1s,+48d07m56.5s,215,0,,0,0.0,none
22h16m55.4s,+48d00m00.0s,22h17m59.9s,+48d07m59.5s,206,0,,0,0.0,none
22h19m54.7s,+48d00m00.0s,22h20m59.7s,+48d08m02.5s,172,0,,0,0.0,none
22h22m54.0s,+48d00m00.0s,22h23m59.5s,+48d08m05.4s,178,0,,0,0.0,none
22h25m53.4s,+48d00m00.0s,22h26m59.3s,+48d08m08.2s,202,0,,0,0.0,none
22h28m52.7s,+48d00m00.0s,22h29m59.1s,+48d08m10.9s,196,0,,0,0.0,none
22h31m52.0s,+48d00m00.0s,22h32m58.9s,+48d08m13.5s,211,0,,0,0.0,none
22h34m51.4s,+48d00m00.0s,22h35m58.8s,+48d08m16.1s,199,0,,0,0.0,none
22h37m50.7s,+48d00m00.0s,22h38m58.6s,+48d08m18.5s,179,0,,0,0.0,none
22h40m50.1s,+48d00m00.0s,22h41m58.4s,+48d08m20.9s,185,0,,0,0.0,none
22h43m49.4s,+48d00m00.0s,22h44m58.2s,+48d08m23.2s,171,0,,0,0.0,none
22h46m48.7s,+48d00m00.0s,22h47m58.0s,+48d08m25.4s,135,0,,0,0.0,none
22h49m48.1s,+48d00m00.0s,22h50m57.9s,+48d08m27.5s,145,0,,0,0.0,none
22h52m47.4s,+48d00m00.0s,22h53m57.7s,+48d08m29.6s,163,0,,0,0.0,none
22h55m46.7s,+48d00m00.0s,22h56m57.5s,+48d08m31.5s,114,0,,0,0.0,none
22h05m03.3s,+48d30m00.0s,22h06m05.7s,+48d37m46.9s,168,0,,0,0.0,none
22h08m04.4s,+48d30m00.0s,22h09m07.2s,+48d37m50.3s,213,0,,0,0.0,none
22h11m05.5s,+48d30m00.0s,22h12m08.8s,+48d37m53.5s,232,0,,0,0.0,none
22h14m06.6s,+48d30m00.0s,22h15m10.4s,+48d37m56.7s,216,0,,0,0.0,none
22h17m07.7s,+48d30m00.0s,22h18m12.0s,+48d37m59.7s,193,0,,0,0.0,none
22h20m08.8s,+48d30m00.0s,22h21m13.5s,+48d38m02.7s,180,0,,0,0.0,none
22h23m09.9s,+48d30m00.0s,22h24m15.1s,+48d38m05.6s,174,0,,0,0.0,none
22h26m11.0s,+48d30m00.0s,22h27m16.7s,+48d38m08.4s,177,0,,0,0.0,none
22h29m12.1s,+48d30m00.0s,22h30m18.3s,+48d38m11.2s,190,0,,0,0.0,none
22h32m13.2s,+48d30m00.0s,22h33m19.9s,+48d38m13.8s,202,0,,0,0.0,none
22h35m14.3s,+48d30m00.0s,22h36m21.5s,+48d38m16.4s,208,0,,0,0.0,none
22h38m15.4s,+48d30m00.0s,22h39m23.1s,+48d38m18.9s,203,0,,0,0.0,none
22h41m16.5s,+48d30m00.0s,22h42m24.7s,+48d38m21.2s,186,0,,0,0.0,none
22h44m17.6s,+48d30m00.0s,22h45m26.3s,+48d38m23.5s,172,0,,0,0.0,none
22h47m18.7s,+48d30m00.0s,22h48m27.9s,+48d38m25.8s,166,0,,0,0.0,none
22h50m19.8s,+48d30m00.0s,22h51m29.5s,+48d38m27.9s,177,0,,0,0.0,none
22h53m20.9s,+48d30m00.0s,22h54m31.1s,+48d38m29.9s,180,0,,0,0.0,none
22h56m22.0s,+48d30m00.0s,22h57m32.7s,+48d38m31.9s,120,0,,0,0.0,none
22h05m08.7s,+49d00m00.0s,22h06m10.8s,+49d07m47.0s,194,0,,0,0.0,none
22h08m11.6s,+49d00m00.0s,22h09m14.2s,+49d07m50.4s,222,0,,0,0.0,none
22h11m14.6s,+49d00m00.0s,22h12m17.6s,+49d07m53.7s,230,0,,0,0.0,none
22h14m17.5s,+49d00m00.0s,22h15m21.0s,+49d07m56.8s,231,0,,0,0.0,none
22h17m20.4s,+49d00m00.0s,22h18m24.4s,+49d08m00.0s,218,0,,0,0.0,none
22h20m23.3s,+49d00m00.0s,22h21m27.8s,+49d08m02.9s,211,0,,0,0.0,none
22h23m26.2s,+49d00m00.0s,22h24m31.2s,+49d08m05.9s,199,0,,0,0.0,none
22h26m29.1s,+49d00m00.0s,22h27m34.6s,+49d08m08.7s,187,0,,0,0.0,none
22h29m32.0s,+49d00m00.0s,22h30m38.0s,+49d08m11.5s,188,0,,0,0.0,none
22h32m34.9s,+49d00m00.0s,22h33m41.4s,+49d08m14.1s,201,0,,0,0.0,none
22h35m37.8s,+49d00m00.0s,22h36m44.8s,+49d08m16.7s,209,0,,0,0.0,none
22h38m40.7s,+49d00m00.0s,22h39m48.2s,+49d08m19.2s,200,0,,0,0.0,none
22h41m43.7s,+49d00m00.0s,22h42m51.7s,+49d08m21.6s,189,0,,0,0.0,none
22h44m46.6s,+49d00m00.0s,22h45m55.1s,+49d08m23.9s,174,0,,0,0.0,none
22h47m49.5s,+49d00m00.0s,22h48m58.5s,+49d08m26.1s,181,0,,0,0.0,none
22h50m52.4s,+49d00m00.0s,22h52m01.9s,+49d08m28.3s,188,0,,0,0.0,none
22h53m55.3s,+49d00m00.0s,22h55m05.4s,+49d08m30.3s,183,0,,0,0.0,none
22h05m14.3s,+49d30m00.0s,22h06m16.0s,+49d37m47.1s,219,0,,0,0.0,none
22h08m19.1s,+49d30m00.0s,22h09m21.3s,+49d37m50.5s,233,0,,0,0.0,none
22h11m23.9s,+49d30m00.0s,22h12m26.6s,+49d37m53.8s,244,0,,0,0.0,none
22h14m28.6s,+49d30m00.0s,22h15m31.8s,+49d37m57.0s,290,0,,0,0.0,none
22h17m33.4s,+49d30m00.0s,22h18m37.1s,+49d38m00.1s,298,0,,0,0.0,none
22h20m38.2s,+49d30m00.0s,22h21m42.4s,+49d38m03.2s,247,0,,0,0.0,none
22h23m43.0s,+49d30m00.0s,22h24m47.7s,+49d38m06.1s,223,0,,0,0.0,none
22h26m47.7s,+49d30m00.0s,22h27m53.0s,+49d38m09.0s,210,0,,0,0.0,none
22h29m52.5s,+49d30m00.0s,22h30m58.3s,+49d38m11.8s,206,0,,0,0.0,none
22h32m57.3s,+49d30m00.0s,22h34m03.5s,+49d38m14.4s,230,0,,0,0.0,none
22h36m02.0s,+49d30m00.0s,22h37m08.8s,+49d38m17.0s,225,0,,0,0.0,none
22h39m06.8s,+49d30m00.0s,22h40m14.1s,+49d38m19.5s,186,0,,0,0.0,none
22h42m11.6s,+49d30m00.0s,22h43m19.4s,+49d38m21.9s,198,0,,0,0.0,none
22h45m16.4s,+49d30m00.0s,22h46m24.7s,+49d38m24.3s,198,0,,0,0.0,none
22h48m21.1s,+49d30m00.0s,22h49m30.0s,+49d38m26.5s,183,0,,0,0.0,none
22h51m25.9s,+49d30m00.0s,22h52m35.3s,+49d38m28.6s,181,0,,0,0.0,none
22h54m30.7s,+49d30m00.0s,22h55m40.7s,+49d38m30.7s,176,0,,0,0.0,none
22h05m20.1s,+50d00m00.0s,22h06m21.4s,+50d07m47.2s,220,0,,0,0.0,none
22h08m26.7s,+50d00m00.0s,22h09m28.6s,+50d07m50.7s,250,0,,0,0.0,none
22h11m33.4s,+50d00m00.0s,22h12m35.8s,+50d07m54.0s,262,0,,0,0.0,none
22h14m40.1s,+50d00m00.0s,22h15m43.0s,+50d07m57.2s,296,0,,0,0.0,none
22h17m46.8s,+50d00m00.0s,22h18m50.2s,+50d08m00.4s,304,0,,0,0.0,none
22h20m53.5s,+50d00m00.0s,22h21m57.4s,+50d08m03.4s,246,0,,0,0.0,none
22h24m00.2s,+50d00m00.0s,22h25m04.7s,+50d08m06.4s,218,0,,0,0.0,none
22h27m06.9s,+50d00m00.0s,22h28m11.9s,+50d08m09.3s,225,0,,0,0.0,none
22h30m13.6s,+50d00m00.0s,22h31m19.1s,+50d08m12.1s,204,0,,0,0.0,none
22h33m20.2s,+50d00m00.0s,22h34m26.3s,+50d08m14.8s,225,0,,0,0.0,none
22h36m26.9s,+50d00m00.0s,22h37m33.5s,+50d08m17.4s,224,0,,0,0.0,none
22h39m33.6s,+50d00m00.0s,22h40m40.8s,+50d08m19.9s,189,0,,0,0.0,none
22h42m40.3s,+50d00m00.0s,22h43m48.0s,+50d08m22.3s,199,0,,0,0.0,none
22h45m47.0s,+50d00m00.0s,22h46m55.2s,+50d08m24.6s,202,0,,0,0.0,none
22h48m53.7s,+50d00m00.0s,22h50m02.5s,+50d08m26.9s,197,0,,0,0.0,none
22h52m00.4s,+50d00m00.0s,22h53m09.7s,+50d08m29.0s,189,0,,0,0.0,none
22h55m07.1s,+50d00m00.0s,22h56m16.9s,+50d08m31.1s,162,0,,0,0.0,none
22h05m26.0s,+50d30m00.0s,22h06m27.0s,+50d37m47.4s,220,0,,0,0.0,none
22h08m34.6s,+50d30m00.0s,22h09m36.2s,+50d37m50.8s,270,0,,0,0.0,none
22h11m43.3s,+50d30m00.0s,22h12m45.4s,+50d37m54.2s,273,0,,0,0.0,none
22h14m51.9s,+50d30m00.0s,22h15m54.5s,+50d37m57.4s,259,0,,0,0.0,none
22h18m00.6s,+50d30m00.0s,22h19m03.7s,+50d38m00.6s,260,0,,0,0.0,none
22h21m09.2s,+50d30m00.0s,22h22m12.9s,+50d38m03.7s,242,0,,0,0.0,none
22h24m17.9s,+50d30m00.0s,22h25m22.1s,+50d38m06.7s,240,0,,0,0.0,none
22h27m26.6s,+50d30m00.0s,22h28m31.3s,+50d38m09.6s,243,0,,0,0.0,none
22h30m35.2s,+50d30m00.0s,22h31m40.5s,+50d38m12.4s,224,0,,0,0.0,none
22h33m43.9s,+50d30m00.0s,22h34m49.7s,+50d38m15.1s,226,0,,0,0.0,none
22h36m52.5s,+50d30m00.0s,22h37m58.9s,+50d38m17.7s,200,0,,0,0.0,none
22h40m01.2s,+50d30m00.0s,22h41m08.1s,+50d38m20.3s,190,0,,0,0.0,none
22h43m09.8s,+50d30m00.0s,22h44m17.4s,+50d38m22.7s,198,0,,0,0.0,none
22h46m18.5s,+50d30m00.0s,22h47m26.6s,+50d38m25.0s,190,0,,0,0.0,none
22h49m27.2s,+50d30m00.0s,22h50m35.8s,+50d38m27.3s,195,0,,0,0.0,none
22h52m35.8s,+50d30m00.0s,22h53m45.0s,+50d38m29.4s,188,0,,0,0.0,none
22h55m44.5s,+50d30m00.0s,22h56m54.2s,+50d38m31.5s,151,0,,0,0.0,none
22h05m32.0s,+51d00m00.0s,22h06m32.7s,+51d07m47.5s,236,0,,0,0.0,none
22h08m42.7s,+51d00m00.0s,22h09m43.9s,+51d07m50.9s,275,0,,0,0.0,none
22h11m53.4s,+51d00m00.0s,22h12m55.2s,+51d07m54.3s,289,0,,0,0.0,none
22h15m04.1s,+51d00m00.0s,22h16m06.4s,+51d07m57.6s,294,0,,0,0.0,none
22h18m14.8s,+51d00m00.0s,22h19m17.6s,+51d08m00.8s,277,0,,0,0.0,none
22h21m25.5s,+51d00m00.0s,22h22m28.9s,+51d08m03.9s,253,0,,0,0.0,none
22h24m36.1s,+51d00m00.0s,22h25m40.1s,+51d08m07.0s,252,0,,0,0.0,none
22h27m46.8s,+51d00m00.0s,22h28m51.3s,+51d08m09.9s,259,0,,0,0.0,none
22h30m57.5s,+51d00m00.0s,22h32m02.6s,+51d08m12.7s,237,0,,0,0.0,none
22h34m08.2s,+51d00m00.0s,22h35m13.8s,+51d08m15.4s,225,0,,0,0.0,none
22h37m18.9s,+51d00m00.0s,22h38m25.1s,+51d08m18.1s,221,0,,0,0.0,none
22h40m29.5s,+51d00m00.0s,22h41m36.3s,+51d08m20.6s,207,0,,0,0.0,none
22h43m40.2s,+51d00m00.0s,22h44m47.6s,+51d08m23.1s,208,0,,0,0.0,none
22h46m50.9s,+51d00m00.0s,22h47m58.8s,+51d08m25.4s,195,0,,0,0.0,none
22h50m01.6s,+51d00m00.0s,22h51m10.1s,+51d08m27.7s,190,0,,0,0.0,none
22h53m12.3s,+51d00m00.0s,22h54m21.4s,+51d08m29.8s,223,0,,0,0.0,none
22h56m23.0s,+51d00m00.0s,22h57m32.6s,+51d08m31.9s,158,0,,0,0.0,none
22h05m38.3s,+51d30m00.0s,22h06m38.6s,+51d37m47.6s,276,0,,0,0.0,none
22h08m51.1s,+51d30m00.0s,22h09m51.9s,+51d37m51.1s,304,0,,0,0.0,none
22h12m03.8s,+51d30m00.0s,22h13m05.3s,+51d37m54.5s,272,0,,0,0.0,none
22h15m16.6s,+51d30m00.0s,22h16m18.6s,+51d37m57.8s,296,0,,0,0.0,none
22h18m29.4s,+51d30m00.0s,22h19m31.9s,+51d38m01.1s,303,0,,0,0.0,none
22h21m42.1s,+51d30m00.0s,22h22m45.3s,+51d38m04.2s,288,0,,0,0.0,none
22h24m54.9s,+51d30m00.0s,22h25m58.6s,+51d38m07.2s,258,0,,0,0.0,none
22h28m07.7s,+51d30m00.0s,22h29m11.9s,+51d38m10.2s,258,0,,0,0.0,none
22h31m20.4s,+51d30m00.0s,22h32m25.3s,+51d38m13.0s,233,0,,0,0.0,none
22h34m33.2s,+51d30m00.0s,22h35m38.6s,+51d38m15.8s,227,0,,0,0.0,none
22h37m46.0s,+51d30m00.0s,22h38m52.0s,+51d38m18.4s,224,0,,0,0.0,none
22h40m58.7s,+51d30m00.0s,22h42m05.3s,+51d38m21.0s,198,0,,0,0.0,none
22h44m11.5s,+51d30m00.0s,22h45m18.7s,+51d38m23.5s,199,0,,0,0.0,none
22h47m24.3s,+51d30m00.0s,22h48m32.1s,+51d38m25.8s,201,0,,0,0.0,none
22h50m37.0s,+51d30m00.0s,22h51m45.4s,+51d38m28.1s,185,0,,0,0.0,none
22h53m49.8s,+51d30m00.0s,22h54m58.8s,+51d38m30.2s,210,0,,0,0.0,none
22h05m44.7s,+52d00m00.0s,22h06m44.7s,+52d07m47.7s,295,0,,0,0.0,none
22h08m59.6s,+52d00m00.0s,22h10m00.2s,+52d07m51.2s,307,0,,0,0.0,none
22h12m14.6s,+52d00m00.0s,22h13m15.7s,+52d07m54.7s,290,0,,0,0.0,none
22h15m29.5s,+52d00m00.0s,22h16m31.1s,+52d07m58.0s,314,0,,0,0.0,none
22h18m44.4s,+52d00m00.0s,22h19m46.6s,+52d08m01.3s,297,0,,0,0.0,none
22h21m59.3s,+52d00m00.0s,22h23m02.1s,+52d08m04.5s,291,0,,0,0.0,none
22h25m14.2s,+52d00m00.0s,22h26m17.6s,+52d08m07.5s,284,0,,0,0.0,none
22h28m29.1s,+52d00m00.0s,22h29m33.1s,+52d08m10.5s,287,0,,0,0.0,none
22h31m44.0s,+52d00m00.0s,22h32m48.7s,+52d08m13.4s,265,0,,0,0.0,none
22h34m58.9s,+52d00m00.0s,22h36m04.2s,+52d08m16.1s,232,0,,0,0.0,none
22h38m13.9s,+52d00m00.0s,22h39m19.7s,+52d08m18.8s,208,0,,0,0.0,none
22h41m28.8s,+52d00m00.0s,22h42m35.2s,+52d08m21.4s,193,0,,0,0.0,none
22h44m43.7s,+52d00m00.0s,22h45m50.7s,+52d08m23.9s,196,0,,0,0.0,none
22h47m58.6s,+52d00m00.0s,22h49m06.2s,+52d08m26.2s,198,0,,0,0.0,none
22h51m13.5s,+52d00m00.0s,22h52m21.8s,+52d08m28.5s,208,0,,0,0.0,none
22h54m28.4s,+52d00m00.0s,22h55m37.3s,+52d08m30.7s,184,0,,0,0.0,none
22h05m51.4s,+52d30m00.0s,22h06m50.9s,+52d37m47.8s,267,0,,0,0.0,none
22h09m08.5s,+52d30m00.0s,22h10m08.6s,+52d37m51.4s,280,0,,0,0.0,none
22h12m25.6s,+52d30m00.0s,22h13m26.4s,+52d37m54.9s,331,0,,0,0.0,none
22h15m42.7s,+52d30m00.0s,22h16m44.1s,+52d37m58.3s,336,0,,0,0.0,none
22h18m59.9s,+52d30m00.0s,22h20m01.8s,+52d38m01.6s,287,0,,0,0.0,none
22h22m17.0s,+52d30m00.0s,22h23m19.5s,+52d38m04.8s,297,0,,0,0.0,none
22h25m34.1s,+52d30m00.0s,22h26m37.3s,+52d38m07.8s,279,0,,0,0.0,none
22h28m51.2s,+52d30m00.0s,22h29m55.0s,+52d38m10.8s,265,0,,0,0.0,none
22h32m08.3s,+52d30m00.0s,22h33m12.7s,+52d38m13.7s,252,0,,0,0.0,none
22h35m25.5s,+52d30m00.0s,22h36m30.5s,+52d38m16.5s,233,0,,0,0.0,none
22h38m42.6s,+52d30m00.0s,22h39m48.2s,+52d38m19.2s,227,0,,0,0.0,none
22h41m59.7s,+52d30m00.0s,22h43m06.0s,+52d38m21.8s,220,0,,0,0.0,none
22h45m16.8s,+52d30m00.0s,22h46m23.7s,+52d38m24.3s,216,0,,0,0.0,none
22h48m33.9s,+52d30m00.0s,22h49m41.5s,+52d38m26.6s,200,0,,0,0.0,none
22h51m51.1s,+52d30m00.0s,22h52m59.2s,+52d38m28.9s,204,0,,0,0.0,none
22h55m08.2s,+52d30m00.0s,22h56m17.0s,+52d38m31.1s,182,0,,0,0.0,none
22h02m38.8s,+53d00m00.0s,22h03m37.4s,+53d07m44.2s,100,0,,0,0.0,none
22h05m58.2s,+53d00m00.0s,22h06m57.4s,+53d07m47.9s,218,0,,0,0.0,none
22h09m17.6s,+53d00m00.0s,22h10m17.4s,+53d07m51.6s,235,0,,0,0.0,none
22h12m37.0s,+53d00m00.0s,22h13m37.4s,+53d07m55.1s,282,0,,0,0.0,none
22h15m56.4s,+53d00m00.0s,22h16m57.4s,+53d07m58.5s,320,0,,0,0.0,none
22h19m15.8s,+53d00m00.0s,22h20m17.4s,+53d08m01.8s,303,0,,0,0.0,none
22h22m35.2s,+53d00m00.0s,22h23m37.4s,+53d08m05.0s,294,0,,0,0.0,none
22h25m54.6s,+53d00m00.0s,22h26m57.5s,+53d08m08.2s,249,0,,0,0.0,none
22h29m14.0s,+53d00m00.0s,22h30m17.5s,+53d08m11.2s,231,0,,0,0.0,none
22h32m33.4s,+53d00m00.0s,22h33m37.5s,+53d08m14.1s,243,0,,0,0.0,none
22h35m52.8s,+53d00m00.0s,22h36m57.5s,+53d08m16.9s,219,0,,0,0.0,none
22h39m12.2s,+53d00m00.0s,22h40m17.6s,+53d08m19.6s,222,0,,0,0.0,none
22h42m31.6s,+53d00m00.0s,22h43m37.6s,+53d08m22.2s,237,0,,0,0.0,none
22h45m51.0s,+53d00m00.0s,22h46m57.7s,+53d08m24.7s,222,0,,0,0.0,none
22h49m10.3s,+53d00m00.0s,22h50m17.7s,+53d08m27.1s,218,0,,0,0.0,none
22h52m29.7s,+53d00m00.0s,22h53m37.8s,+53d08m29.3s,225,0,,0,0.0,none
22h55m49.1s,+53d00m00.0s,22h56m57.8s,+53d08m31.5s,159,0,,0,0.0,none
22h12m48.7s,+53d30m00.0s,22h13m48.8s,+53d37m55.3s,197,0,,0,0.0,none
22h16m10.4s,+53d30m00.0s,22h17m11.1s,+53d37m58.7s,299,0,,0,0.0,none
22h19m32.2s,+53d30m00.0s,22h20m33.5s,+53d38m02.1s,298,0,,0,0.0,none
22h22m53.9s,+53d30m00.0s,22h23m55.9s,+53d38m05.3s,270,0,,0,0.0,none
22h26m15.7s,+53d30m00.0s,22h27m18.3s,+53d38m08.5s,247,0,,0,0.0,none
22h29m37.4s,+53d30m00.0s,22h30m40.7s,+53d38m11.5s,247,0,,0,0.0,none
22h32m59.1s,+53d30m00.0s,22h34m03.1s,+53d38m14.5s,239,0,,0,0.0,none
22h36m20.9s,+53d30m00.0s,22h37m25.5s,+53d38m17.3s,217,0,,0,0.0,none
22h39m42.6s,+53d30m00.0s,22h40m47.9s,+53d38m20.0s,207,0,,0,0.0,none
22h43m04.4s,+53d30m00.0s,22h44m10.3s,+53d38m22.6s,214,0,,0,0.0,none
22h46m26.1s,+53d30m00.0s,22h47m32.7s,+53d38m25.1s,223,0,,0,0.0,none
22h49m47.9s,+53d30m00.0s,22h50m55.1s,+53d38m27.5s,250,0,,0,0.0,none
22h53m09.6s,+53d30m00.0s,22h54m17.5s,+53d38m29.8s,240,0,,0,0.0,none
22h56m31.3s,+53d30m00.0s,22h57m39.9s,+53d38m32.0s,121,0,,0,0.0,none
22h13m00.8s,+54d00m00.0s,22h14m00.5s,+54d07m55.5s,175,0,,0,0.0,none
22h16m24.9s,+54d00m00.0s,22h17m25.3s,+54d07m59.0s,283,0,,0,0.0,none
22h19m49.1s,+54d00m00.0s,22h20m50.1s,+54d08m02.4s,275,0,,0,0.0,none
22h23m13.2s,+54d00m00.0s,22h24m14.9s,+54d08m05.6s,261,0,,0,0.0,none
22h26m37.4s,+54d00m00.0s,22h27m39.7s,+54d08m08.8s,249,0,,0,0.0,none
22h30m01.6s,+54d00m00.0s,22h31m04.6s,+54d08m11.9s,241,0,,0,0.0,none
22h33m25.7s,+54d00m00.0s,22h34m29.4s,+54d08m14.8s,223,0,,0,0.0,none
22h36m49.9s,+54d00m00.0s,22h37m54.2s,+54d08m17.7s,215,0,,0,0.0,none
22h40m14.0s,+54d00m00.0s,22h41m19.1s,+54d08m20.4s,196,0,,0,0.0,none
22h43m38.2s,+54d00m00.0s,22h44m43.9s,+54d08m23.0s,222,0,,0,0.0,none
22h47m02.3s,+54d00m00.0s,22h48m08.8s,+54d08m25.5s,246,0,,0,0.0,none
22h50m26.5s,+54d00m00.0s,22h51m33.6s,+54d08m27.9s,237,0,,0,0.0,none
22h53m50.7s,+54d00m00.0s,22h54m58.5s,+54d08m30.2s,224,0,,0,0.0,none
22h13m13.2s,+54d30m00.0s,22h14m12.6s,+54d37m55.7s,181,0,,0,0.0,none
22h16m39.9s,+54d30m00.0s,22h17m39.9s,+54d37m59.2s,285,0,,0,0.0,none
22h20m06.5s,+54d30m00.0s,22h21m07.2s,+54d38m02.6s,281,0,,0,0.0,none
22h23m33.2s,+54d30m00.0s,22h24m34.5s,+54d38m05.9s,261,0,,0,0.0,none
22h26m59.8s,+54d30m00.0s,22h28m01.9s,+54d38m09.1s,249,0,,0,0.0,none
22h30m26.5s,+54d30m00.0s,22h31m29.2s,+54d38m12.2s,248,0,,0,0.0,none
22h33m53.1s,+54d30m00.0s,22h34m56.5s,+54d38m15.2s,240,0,,0,0.0,none
22h37m19.8s,+54d30m00.0s,22h38m23.9s,+54d38m18.1s,220,0,,0,0.0,none
22h40m46.4s,+54d30m00.0s,22h41m51.2s,+54d38m20.8s,213,0,,0,0.0,none
22h44m13.0s,+54d30m00.0s,22h45m18.6s,+54d38m23.5s,237,0,,0,0.0,none
22h47m39.7s,+54d30m00.0s,22h48m45.9s,+54d38m26.0s,246,0,,0,0.0,none
22h51m06.3s,+54d30m00.0s,22h52m13.3s,+54d38m28.4s,213,0,,0,0.0,none
22h54m33.0s,+54d30m00.0s,22h55m40.7s,+54d38m30.7s,178,0,,0,0.0,none
22h13m26.1s,+55d00m00.0s,22h14m25.0s,+55d07m55.9s,173,0,,0,0.0,none
22h16m55.3s,+55d00m00.0s,22h17m54.9s,+55d07m59.5s,287,0,,0,0.0,none
22h20m24.5s,+55d00m00.0s,22h21m24.8s,+55d08m02.9s,289,0,,0,0.0,none
22h23m53.7s,+55d00m00.0s,22h24m54.8s,+55d08m06.3s,254,0,,0,0.0,none
22h27m22.9s,+55d00m00.0s,22h28m24.7s,+55d08m09.5s,231,0,,0,0.0,none
22h30m52.1s,+55d00m00.0s,22h31m54.6s,+55d08m12.6s,248,0,,0,0.0,none
22h34m21.3s,+55d00m00.0s,22h35m24.5s,+55d08m15.6s,244,0,,0,0.0,none
22h37m50.6s,+55d00m00.0s,22h38m54.5s,+55d08m18.5s,226,0,,0,0.0,none
22h41m19.8s,+55d00m00.0s,22h42m24.4s,+55d08m21.3s,211,0,,0,0.0,none
22h44m49.0s,+55d00m00.0s,22h45m54.4s,+55d08m23.9s,214,0,,0,0.0,none
22h48m18.2s,+55d00m00.0s,22h49m24.3s,+55d08m26.4s,222,0,,0,0.0,none
22h51m47.4s,+55d00m00.0s,22h52m54.3s,+55d08m28.9s,182,0,,0,0.0,none
22h13m18.3s,+36d00m00.0s,22h14m28.4s,+36d07m55.9s,91,0,,0,0.0,none
22h13m39.3s,+55d30m00.0s,22h14m37.9s,+55d37m56.1s,116,0,,0,0.0,none
22h17m11.2s,+55d30m00.0s,22h18m10.5s,+55d37m59.7s,171,0,,0,0.0,none
22h20m43.0s,+55d30m00.0s,22h21m43.0s,+55d38m03.2s,177,0,,0,0.0,none
22h24m14.9s,+55d30m00.0s,22h25m15.6s,+55d38m06.6s,197,0,,0,0.0,none
22h27m46.8s,+55d30m00.0s,22h28m48.2s,+55d38m09.9s,194,0,,0,0.0,none
22h31m18.6s,+55d30m00.0s,22h32m20.8s,+55d38m13.0s,200,0,,0,0.0,none
22h34m50.5s,+55d30m00.0s,22h35m53.4s,+55d38m16.0s,221,0,,0,0.0,none
22h38m22.3s,+55d30m00.0s,22h39m26.0s,+55d38m18.9s,219,0,,0,0.0,none
22h41m54.2s,+55d30m00.0s,22h42m58.6s,+55d38m21.7s,198,0,,0,0.0,none
22h45m26.1s,+55d30m00.0s,22h46m31.3s,+55d38m24.4s,202,0,,0,0.0,none
22h48m57.9s,+55d30m00.0s,22h50m03.9s,+55d38m26.9s,197,0,,0,0.0,none
22h52m29.8s,+55d30m00.0s,22h53m36.5s,+55d38m29.3s,169,0,,0,0.0,none
22h56m01.7s,+55d30m00.0s,22h57m09.1s,+55d38m31.6s,119,0,,0,0.0,none
22h24m36.8s,+56d00m00.0s,22h25m37.2s,+56d08m06.9s,152,0,,0,0.0,none
22h57m25.0s,+35d30m00.0s,22h58m39.8s,+35d38m32.5s,42,0,,0,0.0,none
22h54m57.6s,+35d30m00.0s,22h56m12.2s,+35d38m31.0s,47,0,,0,0.0,none
22h35m20.5s,+56d00m00.0s,22h36m23.2s,+56d08m16.4s,192,0,,0,0.0,none
22h38m55.1s,+56d00m00.0s,22h39m58.6s,+56d08m19.4s,207,0,,0,0.0,none
22h42m29.7s,+56d00m00.0s,22h43m34.0s,+56d08m22.2s,212,0,,0,0.0,none
22h46m04.3s,+56d00m00.0s,22h47m09.4s,+56d08m24.8s,198,0,,0,0.0,none
22h49m38.9s,+56d00m00.0s,22h50m44.7s,+56d08m27.4s,190,0,,0,0.0,none
22h53m13.5s,+56d00m00.0s,22h54m20.1s,+56d08m29.8s,202,0,,0,0.0,none
22h24m59.3s,+56d30m00.0s,22h25m59.4s,+56d38m07.3s,132,0,,0,0.0,none
22h28m36.7s,+56d30m00.0s,22h29m37.6s,+56d38m10.6s,182,0,,0,0.0,none
22h32m14.2s,+56d30m00.0s,22h33m15.8s,+56d38m13.8s,192,0,,0,0.0,none
22h35m51.6s,+56d30m00.0s,22h36m54.0s,+56d38m16.9s,196,0,,0,0.0,none
22h39m29.0s,+56d30m00.0s,22h40m32.2s,+56d38m19.8s,192,0,,0,0.0,none
22h43m06.4s,+56d30m00.0s,22h44m10.5s,+56d38m22.6s,201,0,,0,0.0,none
22h46m43.8s,+56d30m00.0s,22h47m48.7s,+56d38m25.3s,201,0,,0,0.0,none
22h50m21.2s,+56d30m00.0s,22h51m26.9s,+56d38m27.9s,200,0,,0,0.0,none
22h08m21.6s,+36d00m00.0s,22h09m31.2s,+36d07m50.6s,70,0,,0,0.0,none
